" The customer does not exist in the system anymore.","வாடிக்கையாளர் இனி அமைப்பில் இல்லை."
" [deleted]","[நீக்கப்பட்டது]"
" and ","மற்றும்"
"%s (Default Template from Locale)","% s (மொழி இருந்து இயல்புநிலை டெம்ப்ளேட்)"
"%s cache type(s) disabled.","%s கள் தற்காலிக சேமிப்பு வகை (கள்) முடக்கப்பட்டுள்ளது."
"%s cache type(s) enabled.","%s கள் தற்காலிக சேமிப்பு வகை (கள்) செயல்படுத்தப்படும்."
"%s cache type(s) refreshed.","%s கள் தற்காலிக சேமிப்பு வகை (கள்) புதுப்பிக்கப்படும்."
"(For Type ""Local Server"" need to use relative path to Magento install var/export or var/import, e.g. var/export, var/import, var/export/some/dir, var/import/some/dir)","(""லோக்கல் செர்வருக்கு"" மேஜென்டோ இன்ஸ்டால் செய்ய  ரீலேடிவ் பாத் பயன்படுத்த வேண்டும் var/export or var/import, e.g. var/export, var/import, var/export/some/dir, var/import/some/dir)"
"(For US 2-letter state names)","(அமெரிக்க 2 எழுத்து மாநில பெயர்களுக்கு)"
"(If left empty will be auto-generated)","(காலியாக இருக்கும் என்றால் தானாக உருவாக்கப்படும் )"
"(Leave empty for first spreadsheet)","(முதல் விரிதாளை காலியாக விடு)"
"(Products will be added/updated to this store if 'store' column is blank or missing in the import file.)","('அங்காடி' நிரல் இறக்குமதி கோப்பில் 'கடை' வெற்று அல்லது விடுபட்ட இருந்தால் தயாரிப்புகள் சேர்க்க / இந்த கடையில் மேம்படுத்துகிறது.)"
"(Shift-)Click or drag to change value","(Shift-) கிளிக் அல்லது இழுத்து மதிப்பை மாற்றவும் "
"(Starting with)","(தொடங்கி)"
"(When 'No', only mapped fields will be imported. When mapping, use 'column1', 'column2', etc.)","(எப்போது 'இல்லை', மேப்பிங் செய்த பில்டுகள் மட்டுமே  இறக்குமதி செய்யப்படும், மேப்பிங் செய்யும் போது, 'COLUMN1', 'COLUMN2', முதலியனவற்றை  பயன்படுத்தவும்)"
"(You have to increase php memory_limit before changing this value)","(நீங்கள் இந்த மதிப்பை மாற்றும்  முன்பு  PHP memory_limit அதிகரிக்க வேண்டும்)"
"(\\t for tab)","(தாவல் க்கு \ \ t)"
"* - If indexing is in progress, it will be killed and new indexing process will start.","*-சுட்டுவரிசையாக்கம் செயலில் இருப்பதனால், இது கொல்லப்பட்டு புதியதோர் செயல் தொடங்கப்படும் "
"* Required Fields","* கட்டாயம் தேவையான‌ களங்கள்"
"- Click on any of the time parts to increase it","அதிகரிக்க நேரத்தின் எந்த பகுதிகளில் வேண்டுமானாலும்  சொடுக்கவும்"
"- Hold mouse button on any of the above buttons for faster selection.","- வேகமாக தேர்வு செய்ய  சுட்டியின் எதாவது ஒரு பொத்தான்களை பிடி."
"- Use the %s buttons to select month","- மாதம் தேர்ந்தெடுக்க  %s கள் பொத்தான்களை பயன்படுத்தவும்"
"- Use the %s, %s buttons to select year","- ஆண்டு தேர்ந்தெடுக்க, %s %sகள் பொத்தான்கள்கள் பயன்படுத்தவும்"
"- or Shift-click to decrease it","- அல்லது அதை குறைக்க Shift-கிளிக் செய்யவும் "
"- or click and drag for faster selection.","-  வேகமாக தேர்வு செய்ய கிளிக் அல்லது  இழுக்கவும்."
"-- Not Selected --","- தேர்வாகவில்லை -"
"-- Please Select --","தேர்வு செய்யுங்கள்"
"-- Please Select Billing Agreement--","- பில்லிங் ஒப்பந்தம் தேர்ந்தெடுக்கவும் -"
"-- Please Select a Category --","- ஒரு வகையை தேர்ந்தெடுக்கவும் -"
"-- Please select --","--தேர்ந்தெடுக்க--"
"--Please Select--","--தேர்ந்தெடுக்க--"
"1 Hour","1 மணி நேரம்"
"12 Hours","12 மணி நேரம்"
"12h AM/PM","12h காலை / மாலை"
"2 Hours","2 மணி நேரம்"
"24 Hours","24 மணி நேரம்"
"24h","24 மணி நேரம்"
"2YTD","2YTD"
"6 Hours","6 மணி நேரம்"
"<h1 class=""page-heading"">404 Error</h1><p>Page not found.</p>","<h1 class=""page-heading""> 404 பிழை </ H1> <p> பக்கம்  இல்லை. </ p>"
"<strong>%s</strong> requests access to your account","<strong>%s  கள் </ p> உங்கள் கணக்கில் கோரிக்கைகளை அணுக"
"<strong>Attention</strong>: Captcha is case sensitive.","<strong> கவனம் </ p>: உறுதிப்படுத்தல் வழக்கு உணர்திறனுள்ளது."
"A user with the same user name or email aleady exists.","அதே பயனர் பெயர் அல்லது மின்னஞ்சல் மூலம் ஒரு பயனர் ஏற்கனவே உள்ளது."
"API Key","API விசை"
"API Key Confirmation","API விசை உறுதிப்படுத்தல்"
"ASCII","ஆஸ்கி"
"Abandoned Carts","கைவிடப்பட்ட வண்டிகள்"
"About the calendar","காலண்டர் பற்றி"
"Access Denied","அணுகல் மறுப்பு"
"Access denied","அணுகல் மறுப்பு"
"Access denied.","அணுகல் மறுப்பு"
"Account Created in:","கணக்கு உருவாக்கப்பட்டது :"
"Account Created on (%s):","கணக்கு (% s) உருவாக்கப்பட்டது:"
"Account Created on:","கணக்கு உருவாக்கப்பட்ட நாள்:"
"Account Information","கணக்கு தகவல்"
"Account Status","கணக்கு நிலைமை"
"Account status","கணக்கு நிலைமை"
"Action","செயல்"
"Actions"," செயல்கள்"
"Actions XML","செயல்கள் எக்ஸ்எம்எல்"
"Active","செயலில்"
"Add","சேர்க்க"
"Add Exception","விதிவிலக்கு சேர்க்க"
"Add Field Mapping","பீல்ட் மேப்பிங் சேர்க்க"
"Add Field with URL:","URL உடன் Field சேர்க்க:"
"Add New","புதிதாக சேர்க்கவும் "
"Add New Image","புதிய படம் சேர்க்கவும்"
"Add New Profile","புதிய சுயவிபரம் சேர்க்க"
"Add New Role","புதிய பாத்திரத்தை சேர்"
"Add New Template","புதிய டெம்ப்ளேட் சேர்க்க"
"Add New URL Rewrite","புதிய URL மீண்டும் எழுதும் சேர்"
"Add New User","புதிய பயனர் சேர்க்க"
"Add New Variable","புதிய மாறி சேர்க்க"
"Add Products","பொருட்கள் சேர்"
"Add URL Rewrite","URL ஐ மாற்றியமைத்தன சேர்"
"Add URL Rewrite for a Category","ஒரு வகையின்  இணைய முகவரியை மீண்டும் எழுதி சேர்க்க "
"Add URL Rewrite for a Product","ஒரு பொருளின் இணைய முகவரியை மீண்டும் எழுதி சேர்க்க "
"Add after","பின்னர் சேர்க்கவும் "
"Additional Cache Management","கூடுதல் தற்காலிக சேமிப்பு மேலாண்மை"
"Address Type:","முகவரி வகை :"
"Admin","நிர்வாகி"
"Advanced Admin Section","மேம்பட்ட நிர்வாக பகுதி"
"Advanced Profiles","மேம்பட்ட சுயவிவரங்கள்"
"Advanced Section","மேம்பட்ட பகுதி"
"After authorization application will have access to you account.","அங்கீகிரத்த பின்பு  பயன்பாட்டுக்கு  உங்கள்  கணக்கிற்கு அனுமதி கொண்டிருக்கும் ."
"All","அனைத்தும்"
"All Allowed Countries","அனைத்து அனுமதிக்கப்பட்ட நாடுகள்"
"All Cache","அனைத்து தற்காலிக சேமிப்பு"
"All Files","அனைத்து கோப்புகள்"
"All Reviews","அனைத்து மதிப்புரைகள்"
"All Store Views","அனைத்து ஸ்டோர் பார்வைகள்"
"All Tags","அனைத்து குறிச்சொற்கள்"
"All Websites","அனைத்து வலைத்தளங்கள்"
"All countries","அனைத்து நாடுகள்"
"All fields","அனைத்து பீல்ட்ஸ்"
"All possible rates were fetched, please click on ""Save"" to apply","அனைத்து சாத்தியமுள்ள விகிதங்கலும் எடுக்கப்பட்டது , பயன்படுத்த, ""சேமி"" என்பதை கிளிக் செய்க"
"All rates were fetched, please click on ""Save"" to apply","அனைத்து விகிதங்கள் எடுத்து இருந்தது, பயன்படுத்த, ""சேமி"" என்பதை கிளிக் செய்க"
"All valid rates have been saved.","அனைத்து சரியான விகிதங்களும்  சேமிக்கப்பட்டது."
"Always (during development)","எப்போதும் (உருவாக்கத்தின்போது)"
"Amounts","தொகைகளை"
"An error has occured while syncronizing media storages.","ஊடக சேமிப்பு ஒத்திசையும்போது பிழை ஏற்பட்டுள்ளது."
"An error occurred while clearing the JavaScript/CSS cache.","இங்கு ஜாவஸ்க்ரிப்ட் / CSS தற்காலிக சேமிப்பு அழிக்கும்போது ஒரு பிழை ஏற்பட்டது."
"An error occurred while clearing the image cache.","படத்தின் தேக்ககத்தை அழிக்கும்போது ஒரு பிழை ஏற்பட்டது."
"An error occurred while deleting URL Rewrite.","URL ஐ மாற்றியமைத்தன நீக்கும் போது பிழை ஏற்பட்டது."
"An error occurred while deleting email template data. Please review log and try again.","மின்னஞ்சல் டெம்ப்ளேட் தரவு நீக்கும் போது பிழை ஏற்பட்டது. பதிவு மறுபரிசீலனை செய்து, மீண்டும் முயற்சிக்கவும்."
"An error occurred while deleting record(s).","பதிவு (கள்) நீக்குவதில் பிழை ஏற்பட்டது."
"An error occurred while deleting this role.","பாத்திரத்தை நீக்குவதில் பிழை ஏற்பட்டுள்ளது."
"An error occurred while deleting this set.","இந்த தொகுப்பை நீக்கும் போது பிழை ஏற்பட்டது."
"An error occurred while deleting this template.","இந்த டெம்ப்ளேட்டை நீக்கும்போது பிழை ஏற்பட்டது."
"An error occurred while finishing process. Please refresh the cache","செயல்முறை முடிக்கும் போது  ஒரு பிழை ஏற்பட்டது. தேக்ககத்தை புதுப்பிக்கவும்"
"An error occurred while rebuilding the CatalogInventory Stock Status.","மறுகட்டமைப்பின் பொழுது பட்டியல் சரக்கு இருப்பு நிலைமையில் ஒரு பிழை ஏற்பட்டது."
"An error occurred while rebuilding the catalog index.","அட்டவணை குறியீட்டு மறுகட்டமைப்பின் பொழுது ஒரு பிழை ஏற்பட்டது."
"An error occurred while rebuilding the flat catalog category.","தட்டையான பட்டியல் வகை மறுகட்டமைப்பின் பொழுது ஒரு பிழை ஏற்பட்டுள்ளது."
"An error occurred while rebuilding the flat product catalog.","தட்டையான பொருள் பட்டியலின்  மறுகட்டமைப்பின் பொழுது ஒரு பிழை ஏற்பட்டுள்ளது."
"An error occurred while rebuilding the search index.","தேடல் குறியீட்டு மறுகட்டமைப்பின் பொழுது ஒரு பிழை ஏற்பட்டுள்ளது."
"An error occurred while refreshing the Catalog Rewrites.","புதுப்பித்து அட்டவணை எழுதும் போது ஒரு பிழை ஏற்பட்டுள்ளது."
"An error occurred while refreshing the Layered Navigation indices.","லேயர்டு வழிசெலுத்துதலை புதுப்பிக்கும் பொழுது பிழை ஏற்ப்பட்டுள்ளது "
"An error occurred while refreshing the catalog rewrites.","புதுப்பித்து அட்டவணை எழுதும் போது ஒரு பிழை ஏற்பட்டுள்ளது."
"An error occurred while refreshing the layered navigation indices.","புதுப்பித்து அட்டவணை எழுதும் போது ஒரு பிழை ஏற்பட்டுள்ளது."
"An error occurred while saving URL Rewrite.","URL ஐ மீண்டும் எழுத சேமிக்கும்போது பிழை ஏற்பட்டுள்ளது."
"An error occurred while saving account.","கணக்கை சேமிக்கும்போது பிழை ஏற்பட்டுள்ளது."
"An error occurred while saving review.","விமர்சனத்தை  சேமிக்கும்போது பிழை ஏற்பட்டுள்ளது."
"An error occurred while saving the customer.","வாடிக்கையாளரை சேமிக்கும்போது பிழை ஏற்பட்டுள்ளது."
"An error occurred while saving this configuration:","இந்த கட்டமைப்பை சேமிக்கும் போது பிழை ஏற்பட்டுள்ளது:"
"An error occurred while saving this role.","பாத்திரத்தை சேமிக்கும் பொழுது பிழை ஏற்பட்டுள்ளது "
"An error occurred while saving this template.","இந்த டெம்ப்ளேட் சேமிக்கும்போது பிழை ஏற்பட்டது."
"An error occurred while updating the selected review(s).","தேர்வு விமர்சனம் (கள்) புதுப்பிக்கும்போது பிழை ஏற்பட்டது."
"Any","ஏதாவதொன்று"
"Any Attribute Set","ஏதேனும் பண்புக்கூறு தொகுப்பு"
"Any Group","ஏதேனும் குழு"
"Any Status","ஏதேனும் நிலைமை"
"Any Store","ஏதாவது ஸ்டோர்"
"Any Type","ஏதாவது வகை"
"Any Visibility","எந்தவொரு காணும்தன்மை"
"Any data created since the backup was made will be lost including admin users, customers and orders.","நிர்வாக பயனாளிகள், வடிக்கையாளர்களுடைய ஆர்டர் தகவல்கள் காப்படுக்கபட்ட தேதிக்கு பின்பு உங்களால் பெற இயலாது "
"Archive file name:","காப்பக கோப்பு பெயர்:"
"Are you sure that you want to delete this template?","நீங்கள் இந்த வார்ப்புருவை நீக்க வேண்டும் என்று உறுதியாக இருக்கிறீர்களா?"
"Are you sure that you want to strip tags?","நீங்கள் குறிச்சொற்களை அகற்றும் வேண்டும் என்று உறுதியாக இருக்கிறீர்களா?"
"Are you sure you want to do this?","நீங்கள் இதை செய்ய வேண்டுமா?"
"Are you sure you want to proceed?","நீங்கள் தொடர வேண்டுமா?"
"Area","பகுதி"
"As low as:","குறைந்தபட்சமாக"
"Assigned","ஒதுக்கப்பட்டுள்ளது "
"Associated Tags","தொடர்புடைய குறிச்சொற்கள்"
"Attribute Set Name:","பண்புக்கூறு தொகுப்பு பெயர்"
"Attributes","பண்புக்கூறுகள் "
"Authorization confirmed","அங்கீகாரம் உறுதிப்படுத்தப்பட்டது"
"Authorize","அதிகாரம் அளி"
"Authorize application","பயன்பாட்டை அங்கீகரிக்கவும்"
"Authorized OAuth Tokens","அங்கீகரிக்கப்பட்ட oauth டோக்கன்கள்"
"Automatic (equalize price ranges)","தானியங்கி (விலை எல்லைகள் சமமாக)"
"Automatic (equalize product counts)","தானியங்கி (பொருள் எண்ணிக்கை சமமாக)"
"Average Order Amount","சராசரி ஆர்டர் தொகை"
"Average Orders","சராசரி ஆர்டர்கள்"
"BINARY","இருமை"
"Back","பின்செல்"
"Back to Login","மீண்டும் உள்ளே நுழையவும் "
"Backup","கணினி காப்பு"
"Backup Name","காப்பு பெயர்"
"Backup options","காப்பு விருப்பங்கள்"
"Backups","Backups"
"Base currency","மூல நாணயம்"
"Bcc","நகல்"
"Bestsellers","சிறந்த விற்பனையுடையவை"
"Billing Address","பில்லிங் முகவரி"
"Billing Address: ","பில்லிங் முகவரி:"
"Billing Agreement","பில்லிங்கிற்கான ஒப்பந்தம்"
"Billing Agreements","பில்லிங்கிற்கான ஒப்பந்தங்கள்"
"Block Information","தொகுதி பற்றிய தகவல்கள் "
"Both (without and with tax)","இரண்டும் (வரியோடும் மற்றும் வரி இல்லாமலும்)"
"Both IPN and PDT","IPN மற்றும் PDT"
"Browse Files...","கோப்புகள் தேடவும் ..."
"Bundle with dynamic pricing cannot include custom defined options. Options will not be saved.","பண்டில் டைனமிக் விலையானது தனிப்பயன் விருப்பங்களை கொள்ள இயலாது. விருப்பங்கள் சேமிக்கப்படாது."
"CMS","சிஎம்ஸ் "
"CRITICAL","முக்கியமானது "
"CSV","அரைபுள்ளியால் பிரிக்கப்பட்ட  மதிப்புகள்"
"CSV / Tab separated","CSV / தத்தல் பிரிக்கப்பட்ட"
"Cache Control","கேச் கட்டுப்பாடு"
"Cache Control (beta)","தற்காலிக சேமிப்பு கட்டுப்பாடு (பீட்டா)"
"Cache Management","சேமிப்பு மேலாண்மை"
"Cache Type","கேச் வகை "
"Cancel","ரத்து"
"Cannot add new comment.","புதிய கருத்துரைகளை சேர்க்க முடியாது"
"Cannot add tracking number.","கண்காணிப்பு எண்ணை சேர்க்க முடியாது."
"Cannot create an invoice without products.","பொருட்கள் இல்லாமல் விலைப்பட்டியல் உருவாக்க முடியாது."
"Cannot create credit memo for the order.","இந்த ஆர்டருக்கு கடன் குறிப்பாணை உருவாக்க முடியாது."
"Cannot delete the design change.","வடிவமைப்பு மாற்றத்தை நீக்க முடியாது."
"Cannot delete tracking number.","கண்காணிப்பு எண்ணை நீக்க முடியாது."
"Cannot do shipment for the order separately from invoice.","விலைப்பட்டியல் தனித்து ஆர்டருக்கு ஏற்றுமதி செய்ய முடியாது."
"Cannot do shipment for the order.","ஆர்டருக்கு ஏற்றுமதி செய்ய முடியாது."
"Cannot initialize shipment for adding tracking number.","டிராக்கிங் எண் சேர்ப்பதற்காக பொருட்கள் அனுப்பும் செயலை துவக்க இயலாது "
"Cannot initialize shipment for delete tracking number.","டிராக்கிங் என்னை அழிப்பதற்காக  பொருட்கள் அனுப்பும் செயலை துவக்க இயலாது "
"Cannot load track with retrieving identifier.","மீட்பிற்கான அடையாளங்காட்டி மூலம் ட்ராக்கை ஏற்ற முடியாது."
"Cannot retrieve tracking number detail.","கண்காணிப்பு எண்ணை விவரமாக மீட்டெடுக்க முடியவில்லை."
"Cannot save shipment.","கப்பல் சரக்கை சேமிக்க முடியவில்லை."
"Cannot save the credit memo.","கடன் குறிப்பை சேமிக்க முடியாது."
"Cannot send shipment information.","கப்பல் சரக்கு தகவலை அனுப்ப முடியவில்லை."
"Cannot update item quantity.","உருப்படியின் அளவை புதுப்பிக்க முடியாது."
"Cannot update the item\'s quantity.","உருப்படியின் அளவை புதுப்பிக்க முடியாது."
"Catalog","பட்டியல் "
"Catalog Price Rules","அட்டவணை விலை விதிகள்"
"Catalog Rewrites","அட்டவணை மறுமுறை எழுதப்படுகிறது "
"Categories","வகைகள்"
"Category:","வகை:"
"Chart is disabled. If you want to enable chart, click <a href=""%s"">here</a>.","சார்ட் முடக்கப்பட்டுள்ளது. இதனை இயக்க, <a href=""%s""> இங்கே சொடுக்கவும்.</a>."
"Checkbox","தேர்வுப்பெட்டி"
"Child Transactions","குழந்தை பரிவர்த்தனைகள்"
"Choose Store View:","கடை பார்வை முறையை தேர்வுசெய்க:"
"Choose an attribute","ஒரு பண்புக்கூறை தேர்வுசெய்க"
"Chosen category does not associated with any website, so url rewrite is not possible.","உங்களின் தேர்வு எந்த ஒரு இணையதளத்தொடும் தொடர்பில் இல்லை, ஆகையால் யு ஆர் எல் ஐ மறுமுறை எழுத இயலாது. "
"Chosen product does not associated with any website, so url rewrite is not possible.","உங்கள் பொருளின்  தேர்வு எந்த ஒரு இணையதளத்தொடும் தொடர்பில் இல்லை, ஆகையால் யு ஆர் எல் ஐ மறுமுறை எழுத இயலாது. "
"Clear","தெளிவாக்கவும் "
"Close","மூடவும்"
"Comment text field cannot be empty.","கருத்து உரை புலம் காலியாக இருக்க முடியாது."
"Complete","நிறைவுசெய்ய"
"Config form fieldset clone model required to be able to clone fields","Config form fieldset clone model required to be able to clone fields"
"Configuration","கட்டமைப்பு"
"Confirm New Password","புதிய கடவுச்சொல்லை உறுதிசெய்க"
"Confirm token authorization Pop Up for admin","நிர்வாக டோக்கன் அங்கீகாரத்தின் பாப் அப்பினை உறுதி செய்யவும் "
"Confirm token authorization for admin","நிர்வாகம் செய்ய டோக்கன் அங்கீகாரம் உறுதி செய்க"
"Confirmation Of Authorization","அங்கீகரித்தலை உறுதிப்படுத்தல்"
"Confirmed email:","உறுதிசெய்யப்பட்ட  மின்னஞ்சல்:"
"Connect with the Magento Community","Magento சமூகத்துடன் இணைக்க"
"Continue","தொடர்க "
"Convert to Plain Text","எளிய உரையாக மாற்றுக"
"Cookie (unsafe)","குக்கீ (பாதுகாப்பற்ற)"
"Country","நாடு "
"Country:","நாடு :"
"Coupons","கூப்பன்கள்"
"Create","உருவாக்கு"
"Create DB Backup","தரவுத்தளத்தை காப்பு எடு"
"Create New Attribute","புதிய பண்புக்கூறு உருவாக்க"
"Create URL Rewrite:","URL ஐ மீண்டும் எழுதும் உருவாக்குக:"
"Created At","இந்த நேரத்தில் உருவாக்கப்பட்டது"
"Credit Card %s","கடன் அட்டை %s"
"Credit Memo History","கடன் குறிப்பு வரலாறு"
"Credit Memo Totals","கடன் குறிப்பு கூட்டுத்தொகை"
"Credit Memos","கடன் குறிப்புகள் "
"Credit memo #%s comment added","கடன் குறிப்புகள் #%s  கருத்துரை சேர்க்கப்பட்டது"
"Credit memo #%s created","கடன் குறிப்புகள் #%s உருவாக்கப்பட்டது"
"Credit memo\'s total must be positive.","கடன் குறிப்புகளுக்கான கூட்டுத்தொகை நேர்மறையாக இருக்க வேண்டும்"
"Currency","நாணயம்"
"Currency ""%s"" is used as %s in %s.","செலவாணி ""%s"" ஆனது %s இன் %s ஆக பயன்படுத்தப்பட்டுள்ளது."
"Currency Information","நாணய விவரம்"
"Currency Setup Section","நாணயத்தின் அமைப்பு பகுதி"
"Current Configuration Scope:","தற்போதைய கட்டமைப்பு நோக்கம்:"
"Current Month","நடப்பு மாதம்"
"Custom","வழக்கம்"
"Custom Variable ""%s""","வழக்கமான மாறி ""% s"""
"Custom Variables","தனிப்பயன் மாறிகள்"
"Customer","வாடிக்கையாளர்"
"Customer Group:","வாடிக்கையாளர் குழு"
"Customer Groups","வாடிக்கையாளர் குழுக்கள்"
"Customer Name","வாடிக்கையாளர் பெயர்"
"Customer Reviews","வாடிக்கையாளர் விமர்சனங்கள்"
"Customer Shopping Carts","வாடிக்கையாளரின் ஷாப்பிங் வண்டிகள்"
"Customer Since:","இந்த  நாளில் இருந்து வடிக்கையாளராக:"
"Customer Tax Classes","வாடிக்கையாளரின் வரி வகுப்பு"
"Customer with the same email already exists.","அதே  மின்னஞ்சல் கொண்ட  ஒரு வாடிக்கையாளர்  ஏற்கனவே உள்ளார்"
"Customers","வாடிக்கையாளர்கள்"
"Customers by Number of Orders","ஆர்டரின் எண்ணிக்கை வகையில் வாடிக்கையாளர்கள் "
"Customers by Orders Total","மொத்த ஆர்டர் வகையில் வாடிக்கையாளர்கள் "
"DHTML Date/Time Selector","டி ஹெச் டி எம் எல் தேதி/நேரம் தேர்வி "
"Dashboard","டாஷ்போர்டு"
"Data Format","தரவு வடிவம்"
"Data transfer:","தரவு பரிமாற்றம்:"
"Database","தரவு தளம்"
"Dataflow - Advanced Profiles","தரவு போக்கு - மேம்பட்ட சுயவிவரங்கள்"
"Dataflow - Profiles","தரவு போக்கு - சுயவிவரங்கள்"
"Date","நாள்"
"Date & Time","தேதி மற்றும் நேரம்"
"Date Added","சேர்க்கப்பட்ட தேதி"
"Date Updated","புதுப்பிக்கப்பட்ட நாள் "
"Date selection:","தேதி தேர்வு:"
"Date selector","தேதி தேர்வி"
"Day","நாள்"
"Decimal separator:","தசாம்சப்பிரிப்பான்:"
"Default (Admin) Values","இயல்புநிலை (நிர்வாகம்) மதிப்புக்கள்"
"Default Billing Address","இயல்புநிலை பில்லிங் முகவரி"
"Default Config","இயல்பான கட்டமைப்பு"
"Default Template from Locale","மொழிஇலிருந்து இயல்புநிலை வார்ப்புரு"
"Default Values","இயல்புநிலை மதிப்புக்கள்"
"Default display currency ""%s"" is not available in allowed currencies.","இயல்புநிலை காட்சிக்கு நாணயம் ""% s"" அனுமதிக்கப்பட்ட நாணயங்களில்  இல்லை."
"Default scope","இயல்புநிலை நோக்கம்"
"Delete","நீக்கு"
"Delete %s","நீக்கு %s"
"Delete %s '%s'","நீக்கு %s '%s'"
"Delete File","கோப்பை நீக்கு"
"Delete Image","படத்தை நீக்கவும்"
"Delete Profile","விவரங்களை நீக்குக"
"Delete Role","பாத்திரத்தை  நீக்குக"
"Delete Store","அங்காடி நீக்குக"
"Delete Store View","அங்காடி காட்சி நீக்குக"
"Delete Template","வார்ப்புருவை நீக்க"
"Delete User","பயனாளரை  நீக்குக"
"Delete Website","இணையதளத்தை  நீக்குக"
"Description"," விளக்கம் "
"Design","வடிவமைப்பு"
"Design Section","வடிவமைப்பு"
"Details","விபரங்கள்"
"Developer Section","டெவலப்பர் பகுதி"
"Direction:","திசை:"
"Disable","முடக்கவும்"
"Disabled","முடக்கப்பட்டுள்ளது"
"Display %s first","முதலில் %sகாட்டவும் "
"Display default currency","இயல்புநிலை நாணயத்தை காட்டவும்"
"Distributed under GNU LGPL. See %s for details.","GNU LGPL கீழ் விநியோகிக்கப்படும். விவரங்களுக்கு% s பார்க்க."
"Do you really want to KILL parallel process and start new indexing process?","உண்மையில் நீங்கள் இணை செயல்முறை கொல்ல, புதிய அட்டவணையிடுதல் செயலாக்கத்தை தொடங்க விரும்புகிறீர்கள்?"
"Do you really want to proceed?","உண்மையில் நீங்கள் தொடர விரும்புகிறீர்களா?"
"Download","பதிவிறக்கம்"
"Downloads","தரவிறக்கங்கள்"
"Drag to move","நகர்த்த இழுக்கவும்"
"Drop-down","கீழ்தோன்றுபவை"
"Edit","திருத்த"
"Edit Design Change","வடிவமைப்பு மாற்றத்தை  திருத்து"
"Edit Email Template","மின்னஞ்சல் டெம்ப்ளேட்டை திருத்த"
"Edit Order","ஆர்டரை  திருத்து"
"Edit Poll","கருத்துக்கணிப்பு திருத்துக"
"Edit Queue","வரிசையை  திருத்துக"
"Edit Review","விமர்சனம் திருத்து"
"Edit Role","பாத்திரத்தை திருத்தவும் "
"Edit Store View","ஸ்டோர் பார்வையை தொகுக்கவும் "
"Edit System Template","சிஸ்டம் டேம்ப்லேட்டை தொகுக்கவும் "
"Edit Template","டெம்ப்ளேட்டை திருத்த"
"Edit URL Rewrite","யு ஆர் எல் மறுமுறை எழுதுவதை தொகுக்கவும்"
"Edit User","பயனரை திருத்தவும்"
"Edit User '%s'","பயனரை திருத்தவும் '%s'"
"Edit Website","இணையத்தளத்தை தொகுக்க "
"Email","மின்னஞ்சல்"
"Email Address:","மின்னஞ்சல் முகவரி:"
"Email Preview","மின்னஞ்சல் முன்பார்வை"
"Email to a Friend","நண்பருக்கு மின்னஞ்சலனுப்பு"
"Email:","மின்னஞ்சல்:"
"Enable","இயலுமைப்படுத்து "
"Enabled","இயலுமைப்படுத்து "
"Enclose Values In:","மதிப்புகளை இங்கே சேர்க்கவும்:"
"Entity Attributes","என்டிட்டி பண்புகள் "
"Entity Type","என்டிட்டியின் வகை"
"Entity type:","என்டிட்டியின் வகை:"
"Error","பிழை"
"Excel XML","எக்ஸ்சல் எக்க்ஸ் எம் எல்"
"Excl. Tax","வரி நீங்கலாக"
"Exclude media folder from backup","மீடியா அடைவை தவிர்த்து காப்பெடுக்கவும்  "
"Export","ஏற்றுமதி"
"Export CSV","CSV ஏற்றுமதி செய்"
"Export Filters","வடிகட்டிகளை ஏற்றுமதி செய்யவும்"
"Export to:","ஏற்றுமதி:"
"Export:","ஏற்றுமதி:"
"FTP Host"," FTP ஹோஸ்ட்"
"FTP Host[:Port]"," FTP ஹோஸ்ட்[:போர்ட்]"
"FTP Login","FTP உள்நுழைவு"
"FTP Password","FTP கடவுச்சொல்."
"FTP credentials","எப் டி பி ஆதார சான்றுகள் "
"Failed to add a product to cart by id ""%s"".","வணிக வண்டியில்  பின்வரும் பொருளை இந்த ஐ டி யின் %s  படி  சேர்க்க முடியவில்லை."
"Failed to cancel the billing agreement.","பில்லிங் ஒப்பந்தத்தை ரத்து செய்ய தவறிவிட்டது."
"Failed to clear the JavaScript/CSS cache.","ஜாவஸ்க்ரிப்ட்/சிஎசெஸ் கேச்சினை கிளியர் செய்ய முடியவில்லை."
"Failed to delete the billing agreement.","பில்லிங் ஒப்பந்தத்தை நீக்க  தவறிவிட்டது."
"Failed to update the profile.","சுயவிவரத்தை புதுப்பிக்க முடியவில்லை."
"Field","புலம்"
"Field Mapping","புலம் ஒப்பிடுதல்"
"File","கோப்பு"
"File Information","கோப்பு பற்றிய தகவல்"
"File System","கோப்பு அமைப்பு"
"File mode","கோப்பு முறைமை"
"File name:","கோப்பின்  பெயர்"
"File size should be more than 0 bytes","கோப்பு அளவு  0 பைட்டுகளை  விட அதிகமாக இருக்க வேண்டும்"
"Finished profile execution.","ப்ரோபைல் செயலாக்கம் முடிக்கப்பட்டுவிட்டது "
"First Invoice Created Date","முதல் விலைப்பட்டியல்  உருவாக்கப்பட்ட தேதி"
"First Name","முதல் பெயர்"
"First Name is required field.","முதல்  பெயர் ஒரு அவசியம் தேவைப்பட்ட புலம் "
"First Name:","முதல் பெயர்"
"Fixed","நிலைத்த"
"Flush Catalog Images Cache","Flush Catalog Images Cache"
"Flush JavaScript/CSS Cache","Flush JavaScript/CSS Cache"
"For category","இந்த வகைக்காக "
"For latest version visit: %s","புதிய பதிப்பிற்கு இங்கே செல்லவும்: %s"
"For product","இந்த பொருளுக்காக"
"Forgot Admin Password","உங்கள் நிர்வாக கடவுச்சொல்லை மறந்துவிட்டீர்களா?"
"Forgot your password?","உங்கள் கடவுச்சொல்லை மறந்துவிட்டீர்களா?"
"Forgot your user name or password?","உங்கள் பயனர் பெயர் அல்லது கடவுச்சொல்லை மறந்துவிட்டீர்களா?"
"From","இருந்து"
"GLOBAL","குளோபல்"
"Gb","ஜிபி"
"General Information","பொது தகவல்"
"General Section","பொது பிரிவு"
"Get Image Base64","பேஸ்64க்கான படத்தை பெறவும் "
"Get help for this page","இப்பக்கத்துக்கான உதவி பெறுக"
"Give the verifier code to application administrator","Give the verifier code to application administrator"
"Global Attribute","குளோபல் பண்பு "
"Global Record Search","குளோபல் பதிவு தேடல்"
"Global Search","குளோபல் தேடல்"
"Go Today","இன்றைக்கு செல்லவும் "
"Go to messages inbox","செய்தி உள்பெட்டிக்கு செல்க."
"Go to notifications","அறிவிப்புகளுக்கு செல்க "
"Google Base","கூகிள் பேஸ்"
"Google Sitemaps","கூகுளே தள வரைபடம்"
"Grand Total","ஆக மொத்தம்"
"Grid (default) / List","கிரிட் (இயல்புநிலை) / பட்டியல் "
"Grid Only","கிரிட் மட்டும் "
"Group:","குழு:"
"Guest","விருந்தினர்"
"HTTP (unsecure)","ஹச்டிடிபி (பாதுகாப்பற்ற)"
"HTTPS (SSL)","ஹச்டிடிபி (எஸ்எஸ்எல்)"
"Help Us Keep Magento Healthy - Report All Bugs","மஜெண்டோவை ஆரோக்கியமாக் வைத்திருக்க உதவுங்கள் - அனைத்து பிழைகளையும் சுட்டுக"
"Helper attributes should not be used in custom layout updates.","ஹெல்பர் பண்புகளை கஸ்டம் லே-அவுட் புதுப்பிக்கும் பொழுது பயன்படுத்தக்கூடாது"
"Helper for options rendering doesn't implement required interface.","Helper for options rendering doesn't implement required interface."
"Home","முகப்பு"
"ID","குறியீடு "
"ID Path","ஐடி பாதை"
"IP Address","ஐபி முகவரி"
"IPN (Instant Payment Notification) Only","IPN (Instant Payment Notification) Only"
"If there is an account associated with %s you will receive an email with a link to reset your password.","If there is an account associated with %s you will receive an email with a link to reset your password."
"If this message persists, please contact the store owner.","இந்த செய்தி தொடர்ந்து நீடித்தால், கடை உரிமையாளரை தொடர்பு கொள்ளவும்."
"Images (.gif, .jpg, .png)","படங்கள் (. GIF,. JPG,. PNG)"
"Images Cache","படங்களின் கேஷ்"
"Import","இறக்குமதி"
"Import Service","இறக்குமதி சேவை "
"Import and Export","ஏற்றுமதி மற்றும் இறக்குமதி"
"Import and Export Tax Rates","ஏற்றுமதி மற்றும் இறக்குமதிக்கான வரி விகிதங்கள்"
"Import/Export","ஏற்றுமதி/இறக்குமதி"
"Import/Export Advanced","ஏற்றுமதி/இறக்குமதி மேம்பட்ட "
"Import/Export Profile","ஏற்றுமதி/இறக்குமதி ப்ரோபைல்"
"Important: ","முக்கியம்:"
"Imported <strong>%s</strong> records","இறக்குமதி செய்யப்பட்ட <strong>%s</strong> பதிவுகள் "
"In","உள்ள "
"In Database:","தரவுதளத்தில் உள்ள"
"In File:","கோப்பில் உள்ள "
"Inactive","செயலற்று"
"Incl. Tax","வரி உட்பட"
"Incoming Message","அடுத்து வருகிற செய்தி"
"Insert Variable...","மாறியை செருகு"
"Interactive","Interactive"
"Interface Locale: %s","Interface Locale: %s"
"Invalid Form Key. Please refresh the page.","Invalid Form Key. Please refresh the page."
"Invalid Import Service Specified","Invalid Import Service Specified"
"Invalid POST data (please check post_max_size and upload_max_filesize settings in your php.ini file).","Invalid POST data (please check post_max_size and upload_max_filesize settings in your php.ini file)."
"Invalid Secret Key. Please refresh the page.","Invalid Secret Key. Please refresh the page."
"Invalid User Name or Password.","தவறான் "
"Invalid directory: %s","Invalid directory: %s"
"Invalid email address ""%s"".","தவறான மின்னஞ்சல் முகவரி ""% s""."
"Invalid email address.","தவறான மின்னஞ்சல் முகவரி."
"Invalid file: %s","தவறான கோப்பு:% s"
"Invalid input data for %s => %s rate","Invalid input data for %s => %s rate"
"Invalid parent block for this block","Invalid parent block for this block"
"Invalid parent block for this block.","Invalid parent block for this block."
"Invalid password reset token.","Invalid password reset token."
"Invalid sender name ""%s"". Please use only visible characters and spaces.","Invalid sender name ""%s"". Please use only visible characters and spaces."
"Invalid timezone","தவறான நேர மண்டலம்."
"Invalidated","செல்லாததாக்கப்பட்டது"
"Inventory Stock Status","சரக்கு இருப்பு நிலைமை"
"Invoice #%s comment added","பொருள் விவரப்பட்டியல் #%s கருத்து சேர்க்கப்பட்டது."
"Invoice #%s created","பொருள் விவரப்பட்டியல் #%s கள் உருவாக்கப்பட்டது"
"Invoice History","பொருள் விவரப்பட்டியல் வரலாறு"
"Invoice Totals","பொருள் விவரப்பட்டியல் மொத்தம்"
"Invoice canceling error.","பொருள் விவரப்பட்டியல் ரத்துசெய்வதில் பிழை."
"Invoice capturing error.","பொருள் விவரப்பட்டியல் கைப்பற்றுவதில் பிழை."
"Invoice voiding error.","விலைப்பட்டியலை வெற்றிடமாக்குவதில் பிழை."
"Invoices","பொருள் விவரப்பட்டியல்கள்"
"Is Closed","மூடப்பட்டதா?"
"Issue Number","Issue Number"
"Items","பொருட்கள்"
"JavaScript seems to be disabled in your browser.","JavaScript seems to be disabled in your browser."
"JavaScript/CSS","JavaScript/CSS"
"JavaScript/CSS Cache","JavaScript/CSS Cache"
"Kb","Kb"
"Last 24 Hours","Last 24 Hours"
"Last 5 Orders","கடந்த 5 ஆர்டர்கள்"
"Last 5 Search Terms","கடைசி 5 தேடல் சொற்கள்"
"Last 7 Days","கடந்த 7 நாட்கள்"
"Last Credit Memo Created Date","Last Credit Memo Created Date"
"Last Invoice Created Date","கடைசி விலைப்பட்டியல்  உருவாக்கப்பட்ட தேதி"
"Last Logged In (%s):","Last Logged In (%s):"
"Last Logged In:","கடைசியாக உள்ளே நுழைந்தது "
"Last Name","கடைசி பெயர் "
"Last Name is required field.","Last Name is required field."
"Last Name:","கடைசி பெயர் "
"Last updated: %s. To refresh last day\'s <a href=""%s"">statistics</a>, click <a href=""%s"">here</a>.","Last updated: %s. To refresh last day\'s <a href=""%s"">statistics</a>, click <a href=""%s"">here</a>."
"Latest Message:","Latest Message:"
"Layered Navigation Indices","Layered Navigation Indices"
"Layered Navigation Indices were refreshed.","Layered Navigation Indices were refreshed."
"Leave empty to use tax identifier","வரி அடையாளங்காட்டி பயன்படுத்த காலியாக விடு"
"Lifetime Sales","Lifetime Sales"
"Lifetime statistics have been updated.","Lifetime statistics have been updated."
"Links","Links"
"Links with associated products will retain only after saving current product.","Links with associated products will retain only after saving current product."
"List (default) / Grid","List (default) / Grid"
"List Only","பட்டியல் மட்டும்"
"Load Template","டெம்ப்ளேட்ஐ ஏற்றவும்"
"Load default template","Load default template"
"Loading...","Loading..."
"Local Server","Local Server"
"Local/Remote Server","Local/Remote Server"
"Locale","மொழி"
"Log In","உள்நுழைய"
"Log Out","வெளியேற"
"Log in to Admin Panel","நிர்வாகி குழு உள்நுழைய"
"Log in to use <strong>%s</strong>","Log in to use <strong>%s</strong>"
"Log into Magento Admin Page","Log into Magento Admin Page"
"Logged in as %s","Logged in as %s"
"Login","உள்நுழைவு"
"Low Stock","Low Stock"
"MAJOR","பிரதான"
"MINOR","சிறிய"
"MS Excel XML","MS Excel XML"
"Magento Admin","Magento Admin"
"Magento Commerce - Administrative Panel","Magento Commerce - Administrative Panel"
"Magento Connect","Magento Connect"
"Magento Connect Manager","Magento Connect Manager"
"Magento Logo","Magento Logo"
"Magento is a trademark of Magento Inc. Copyright &copy; %s Magento Inc.","Magento is a trademark of Magento Inc. Copyright &copy; %s Magento Inc."
"Magento root directory","Magento root directory"
"Magento ver. %s","Magento ver. %s"
"Magento&trade; is a trademark of Magento Inc.<br/>Copyright &copy; %s Magento Inc.","Magento&trade; is a trademark of Magento Inc.<br/>Copyright &copy; %s Magento Inc."
"Make sure that data encoding in the file is consistent and saved in one of supported encodings (UTF-8 or ANSI).","Make sure that data encoding in the file is consistent and saved in one of supported encodings (UTF-8 or ANSI)."
"Manage Attribute Sets","Manage Attribute Sets"
"Manage Attributes","Manage Attributes"
"Manage Categories","Manage Categories"
"Manage Content","உள்ளடக்கம் மேலாண்மை"
"Manage Currency Rates","நாணய விகிதங்கள் மேலாண்மை"
"Manage Customers","Manage Customers"
"Manage Ratings","Manage Ratings"
"Manage Stores","ஸ்டோர்ஸ் நிர்வகிக்க"
"Manage Tax Rules","வரி விதிகள் நிர்வகிக்க"
"Manage Tax Zones and Rates","Manage Tax Zones and Rates"
"Manual","Manual"
"Matched Expression","Matched Expression"
"Mb","Mb"
"Media (.avi, .flv, .swf)","Media (.avi, .flv, .swf)"
"Media storages synchronization has completed!","Media storages synchronization has completed!"
"Messages Inbox","செய்தி உள்பெட்டி."
"Month","Month"
"Most Viewed","அதிகம் பார்க்கப்பட்டவை"
"Most Viewed Products","அதிகம் பார்க்கப்பட்ட பொருட்கள்"
"Multiple Select","ஒன்றுக்கு மேற்பட்டவற்றை தேர்ந்தெடுக்கவும்"
"My Account","என்னுடைய அக்கவுன்ட்"
"My Applications","என்னுடைய அப்ப்ளிக்கேஷன்கள்"
"N/A","இங்கு பொருந்தாது"
"NOTICE","அறிவிப்பு"
"Name","பெயர்"
"Name:","பெயர்:"
"Never (production)","Never (production)"
"New ","புதிய"
"New API Key","புதிய API விசை"
"New Accounts","புதிய அக்கவுன்ட்ஸ்"
"New Attribute","புதிய பண்பு"
"New Block","புதிய தொகுதி"
"New Category","புதிய வகை"
"New Class","புதிய வகுப்பு "
"New Condition","புதிய நிபந்தனை"
"New Custom Variable","புதிய தனிப்பயன் மாறிகள்"
"New Customer","புதிய வாடிக்கையாளர்"
"New Customers","புதிய வாடிக்கையாளர்கள்"
"New Design Change","New Design Change"
"New Email Template","New Email Template"
"New Group","New Group"
"New Invoice","New Invoice"
"New Item Type","New Item Type"
"New Memo","New Memo"
"New Memo for #%s","New Memo for #%s"
"New Page","புதிய பக்கம்"
"New Password","New Password"
"New Poll","New Poll"
"New Profile","New Profile"
"New Rate","New Rate"
"New Rating","New Rating"
"New Review","New Review"
"New Role","புதிய பாத்திரத்தை சேர்"
"New Rule","New Rule"
"New Search","New Search"
"New Set","New Set"
"New Shipment","புதிய கப்பல் ஏற்றுமதி"
"New Sitemap","புதிய தள வரைபடம்"
"New Store View","புதிய கடை பார்வை"
"New System Template","New System Template"
"New Tag","புதிய குறிச்சொல்"
"New Template","புதிய டெம்ப்ளேட் "
"New User","புதிய பயனர்"
"New Variable","புதிய மாறி"
"New Website","New Website"
"New password field cannot be empty.","New password field cannot be empty."
"Newsletter","Newsletter"
"Newsletter Problems","Newsletter Problems"
"Newsletter Queue","Newsletter Queue"
"Newsletter Subscribers","செய்திமடல் சந்தாதாரர்கள்"
"Newsletter Templates","செய்திமடல் டெம்ப்ளேட்கள்"
"Next month (hold for menu)","Next month (hold for menu)"
"Next year (hold for menu)","Next year (hold for menu)"
"No","இல்லை"
"No (price without tax)","No (price without tax)"
"No Data Found","எந்த தரவும் காணப்படவில்லை"
"No Templates Found","எந்த டெம்ப்ளேட்டுகளும் காணப்படவில்லை"
"No change","மாற்றம் இல்லை"
"No customer id defined.","வாடிக்கையாளர் எண் வரையறுக்கப்படபடவில்லை ."
"No information available.","தகவல்கள் எதுவும் கிடைக்கவில்லை "
"No profile loaded...","சுயவிபரம் ஏற்றப்படவில்லை"
"No records found for this period.","No records found for this period."
"No records found.","No records found."
"No report code specified.","No report code specified."
"No search keywords.","No search keywords."
"No search modules were registered","No search modules were registered"
"No wishlist item id defined.","No wishlist item id defined."
"None","None"
"Note:","Note:"
"Notes","Notes"
"Notifications","அறிவிப்புகள்"
"Number of Orders","Number of Orders"
"Number of Uses","Number of Uses"
"Number of Views","Number of Views"
"Number of records:","Number of records:"
"OAuth Consumers","OAuth Consumers"
"OAuth authorization for admin","OAuth authorization for admin"
"OAuth authorization simple for admin","OAuth authorization simple for admin"
"OK","OK"
"Old rate:","Old rate:"
"Once you log into your PayPal Advanced account, navigate to the Service Settings - Hosted Checkout Pages - Set Up menu and set the options described below","Once you log into your PayPal Advanced account, navigate to the Service Settings - Hosted Checkout Pages - Set Up menu and set the options described below"
"Once you log into your PayPal Payflow Link account, navigate to the Service Settings - Hosted Checkout Pages - Set Up menu and set the options described below","Once you log into your PayPal Payflow Link account, navigate to the Service Settings - Hosted Checkout Pages - Set Up menu and set the options described below"
"One or more media files failed to be synchronized during the media storages syncronization process. Refer to the log file for details.","One or more media files failed to be synchronized during the media storages syncronization process. Refer to the log file for details."
"One or more of the Cache Types are invalidated:","One or more of the Cache Types are invalidated:"
"Online Customers","Online Customers"
"Only Once (version upgrade)","Only Once (version upgrade)"
"Only attributes with scope ""Global"", input type ""Dropdown"" and Use To Create Configurable Product ""Yes"" are available.","Only attributes with scope ""Global"", input type ""Dropdown"" and Use To Create Configurable Product ""Yes"" are available."
"Only mapped fields","Only mapped fields"
"Optional","Optional"
"Options","Options"
"Order","ஆர்டர்"
"Order #%s","Order #%s"
"Order #%s (%s)","Order #%s (%s)"
"Order Created Date","ஆர்டர் உருவாக்கப்பட்ட தேதி"
"Order ID","ஆர்டர் குறியீடு"
"Order Totals","ஆர்டர் மொத்தம்"
"Order Updated Date","ஆர்டர் புதுப்பிக்கப்பட்ட தேதி"
"Order Updated Date report is real-time, does not need statistics refreshing.","Order Updated Date report is real-time, does not need statistics refreshing."
"Orders","ஆர்டர்கள் "
"Original Magento attribute names in first row:","Original Magento attribute names in first row:"
"Out of stock","ஸ்டாக் இல்லை"
"PDT (Payment Data Transfer) Only","PDT (Payment Data Transfer) Only"
"Package Extensions","Package Extensions"
"Pages","பக்கங்கள் "
"Parent Product Thumbnail","Parent Product Thumbnail"
"Parent Transaction ID","Parent Transaction ID"
"Passive mode","Passive mode"
"Password","FTP கடவுச்சொல்."
"Password Confirmation","கடவுச்சொல் உறுதிப்படுத்துதல்"
"Password confirmation must be same as password.","உறுதிபடுத்துவதறக்கான கடவுச்சொல் கடவுச்சொல்லை ஒத்து இருக்க வேண்டும்"
"Password must be at least of %d characters.","Password must be at least of %d characters."
"Password must include both numeric and alphabetic characters.","Password must include both numeric and alphabetic characters."
"Password:","Password:"
"Path:","Path:"
"Payment method instance is not available.","Payment method instance is not available."
"Payment method is not available.","Payment method is not available."
"Payment method must be specified.","Payment method must be specified."
"Pending Reviews","Pending Reviews"
"Pending Tags","Pending Tags"
"Per Item","Per Item"
"Per Order","Per Order"
"Percent","Percent"
"Performed At","Performed At"
"Period","Period"
"Permanent (301)","Permanent (301)"
"Permissions","Permissions"
"Personal Information","Personal Information"
"Phone:","Phone:"
"Please Select","Please Select"
"Please confirm site switching. All data that hasn\'t been saved will be lost.","Please confirm site switching. All data that hasn\'t been saved will be lost."
"Please enter 6 or more characters.","Please enter 6 or more characters."
"Please enter a number greater than 0 in this field.","Please enter a number greater than 0 in this field."
"Please enter a valid $ amount. For example $100.00.","Please enter a valid $ amount. For example $100.00."
"Please enter a valid URL. For example http://www.example.com or www.example.com","Please enter a valid URL. For example http://www.example.com or www.example.com"
"Please enter a valid URL. http:// is required","Please enter a valid URL. http:// is required"
"Please enter a valid credit card number.","சரியான கிரெடிட் கார்டு எண்ணை உள்ளிடவும்."
"Please enter a valid date.","சரியான தேதியை உள்ளிடவும்."
"Please enter a valid email address. For example johndoe@domain.com.","Please enter a valid email address. For example johndoe@domain.com."
"Please enter a valid email.","ஒரு சரியான மின்னஞ்சல் முகவரியை  உள்ளீடு  செய்க."
"Please enter a valid number in this field.","Please enter a valid number in this field."
"Please enter a valid phone number. For example (123) 456-7890 or 123-456-7890.","Please enter a valid phone number. For example (123) 456-7890 or 123-456-7890."
"Please enter a valid social security number. For example 123-45-6789.","Please enter a valid social security number. For example 123-45-6789."
"Please enter a valid value from list","Please enter a valid value from list"
"Please enter a valid value, ex: 10,20,30","Please enter a valid value, ex: 10,20,30"
"Please enter a valid zip code.","Please enter a valid zip code."
"Please enter a valid zip code. For example 90602 or 90602-1234.","Please enter a valid zip code. For example 90602 or 90602-1234."
"Please enter another credit card number to complete your purchase.","Please enter another credit card number to complete your purchase."
"Please enter password","தயவு செய்து கடவுச்சொல்லை உள்ளிடவும் "
"Please enter password to confirm rollback.","திரும்பபெருவதை உறுதி செய்ய தயவு செய்து கடவுச்சொல்லை உள்ளிடவும் "
"Please enter valid password.","தயவு செய்து சரியான கடவுச்சொல்லை உள்ளிடவும் "
"Please make sure that all global admin search modules are installed and activated.","Please make sure that all global admin search modules are installed and activated."
"Please make sure that your changes were saved before running the profile.","Please make sure that your changes were saved before running the profile."
"Please make sure your passwords match.","உங்களது கடவுச்சொற்க்கள் பொருந்துமாறு உறுதி செய்யவும்"
"Please select State/Province.","தயவு செய்து மாநிலம் / மாகாணத்தை தெரிவு செய்யவும் "
"Please select a customer.","தயவு செய்து ஒரு வாடிக்கையாளரை தேர்வு செய்யவும்"
"Please select a store.","தயவு செய்து ஒரு ஸ்டோரை தேர்வு செய்யவும்"
"Please select an option.","உங்கள் விருப்பத்தை தேர்வு செய்யவும்"
"Please select catalog searches.","தயவு செய்து தேடும் வகையினை தேர்வு செய்யவும்"
"Please select customer(s).","தயவு செய்து வாடிக்கையாளர்(களை) தேர்வு செய்யவும் "
"Please select message(s).","தயைகூர்ந்து செய்தி(களை) தேர்ந்தெடுக்கவும்."
"Please select one of the above options.","மேலே கொடுக்கபட்டதிலிருந்து ஒரு விருப்பத்தை தேர்வு செய்யவும்"
"Please select one of the options.","கொடுக்கபட்டதிலிருந்து ஒரு விருப்பத்தை தேர்வு செய்யவும்"
"Please select review(s).","தயவு செய்து பரிசீலனை(களை) தேர்வு செய்யவும்."
"Please select tag(s).","தயைகூர்ந்து குறிச்சொற்க்(களை) தேர்ந்தெடுக்கவும்."
"Please specify backup creation options","தயைகூர்ந்து காப்பு உருவாக்கும் முறையை தேர்ந்தெடுக்கவும்."
"Please specify the admin custom URL.","தயைகூர்ந்து நிர்வாக தனிப்பயன் யு ஆர் எல்ஐ  அளிக்கவும் "
"Please try to logout and sign in again.","தயவு செய்து விடுபதிகை செய்து மீண்டும் உள்நுழையவும்"
"Please type the letters from the image:","தயவு செய்து படத்திலிருந்து எழுத்துக்களை உள்ளிடவும்"
"Please use in this field only ""a-z,0-9,_"".","தயவு செய்து இந்த புலத்தில் ""a-z,0-9,_"" எழுத்துக்களை மட்டும் உள்ளீடவும்"
"Please use letters only (a-z) in this field.","தயவு செய்து இந்த புலத்தில்  (a-z) எழுத்துக்க்களை மட்டும் உள்ளீடவும்"
"Please use numbers only in this field. Please avoid spaces or other characters such as dots or commas.","Please use numbers only in this field. Please avoid spaces or other characters such as dots or commas."
"Please use only letters (a-z or A-Z), numbers (0-9) or spaces in this field.","Please use only letters (a-z or A-Z), numbers (0-9) or spaces in this field."
"Please use only letters (a-z) or numbers (0-9) only in this field. No spaces or other characters are allowed.","Please use only letters (a-z) or numbers (0-9) only in this field. No spaces or other characters are allowed."
"Please use only letters (a-z) or numbers (0-9) or spaces and # only in this field.","Please use only letters (a-z) or numbers (0-9) or spaces and # only in this field."
"Please use this date format: dd/mm/yyyy. For example 17/03/2006 for the 17th of March, 2006.","Please use this date format: dd/mm/yyyy. For example 17/03/2006 for the 17th of March, 2006."
"Please wait while the indexes are being refreshed.","Please wait while the indexes are being refreshed."
"Please wait, loading...","Please wait, loading..."
"Please wait...","Please wait..."
"Please, add some answers to this poll first.","Please, add some answers to this poll first."
"Please, select ""Visible in Stores"" for this poll first.","Please, select ""Visible in Stores"" for this poll first."
"Poll Manager","Poll Manager"
"Polls","Polls"
"Popular","Popular"
"Position of Watermark for %s","Position of Watermark for %s"
"Pregenerated product images files.","Pregenerated product images files."
"Prev. month (hold for menu)","Prev. month (hold for menu)"
"Prev. year (hold for menu)","Prev. year (hold for menu)"
"Preview","Preview"
"Preview Template","Preview Template"
"Price","விலை"
"Price alert subscription was saved.","Price alert subscription was saved."
"Price:","Price:"
"Processed <strong>%s%% %s/%d</strong> records","Processed <strong>%s%% %s/%d</strong> records"
"Product","பொருள் "
"Product Name","பொருள் பெயர்"
"Product Reviews","பொருளுக்கான  விமர்சனங்கள்"
"Product Tax Classes","பொருளின் வரி வகுப்புகள்"
"Product Thumbnail Itself","பொருளின் நகஅளவுபடம்"
"Product is not loaded.","பொருள் எற்றப்படவில்லை"
"Product:","பொருள்:"
"Products","பொருட்கள்"
"Products Bestsellers Report","சிறந்தமுறையில் விற்பனையாகும் பொருட்கள்"
"Products Most Viewed Report","அதிகமாக பார்வையிடப்பட்ட பொருளின் அறிக்கை"
"Products Ordered","ஆர்டர் செய்யப்பட்ட பொருட்கள்"
"Products in Carts","வணிக வண்டியில் உள்ள பொருட்கள்"
"Profile Action","ப்ரோபைல் செயல்பாடு"
"Profile Actions XML","ப்ரோபைல் செயல்பாடுகள் எக்க்ஸ் எம் எல்"
"Profile Direction","ப்ரோபைல் இயக்கம்"
"Profile History","ப்ரோபைல் வரலாறு"
"Profile Information","ப்ரோபைல் தகவல்"
"Profile Name","ப்ரோபைல் பெயர்"
"Profile Payments","ப்ரோபைல் செலுத்தும் முறைகள்"
"Profile Schedule","ப்ரோபைல் பட்டி "
"Profile Wizard","ப்ரோபைல் வழிகாட்டி"
"Profiles","Profiles"
"Promo","Promo"
"Promotions","Promotions"
"Purchased Item","Purchased Item"
"Put store on the maintenance mode while backup creation","Put store on the maintenance mode while backup creation"
"Put store on the maintenance mode while rollback processing","Put store on the maintenance mode while rollback processing"
"Quantity","Quantity"
"Queue Refresh","Queue Refresh"
"Queued... Cancel","Queued... Cancel"
"REST Roles","ரெஸ்ட் பாத்திரங்கள் "
"Radio Buttons","Radio Buttons"
"Rates","Rates"
"Read details","Read details"
"Rebuild","Rebuild"
"Rebuild Catalog Index","Rebuild Catalog Index"
"Rebuild Flat Catalog Category","Rebuild Flat Catalog Category"
"Rebuild Flat Catalog Product","Rebuild Flat Catalog Product"
"Recent Orders","Recent Orders"
"Recent statistics have been updated.","Recent statistics have been updated."
"Recurring Profile View","Recurring Profile View"
"Recursive Dir","Recursive Dir"
"Redirect","Redirect"
"Reference","குறிப்பு"
"Reference ID","குறிப்பு ஐ டி"
"Refresh","ரத்து செய்
"
"Refresh Now*","இப்போதே புதுப்பிக்கவும்"
"Refresh Statistics","புள்ளிவிவரங்களை புதுப்பிக்கவும்"
"Region/State","பகுதி/மாநிலம்"
"Regular Price:","முறைமையான விலை"
"Reject","நிராகரி"
"Reject token authorization Pop Up for admin","நிர்வாக டோக்கன் அங்கீகாரத்தின் பாப் அப்பினை நிராகரிக்கவும்"
"Reject token authorization for admin","நிர்வாகம் செய்ய டோக்கன் அங்கீகாரத்தை நிராகரிக்கவும்"
"Rejection Of Authorization","அங்கீகரித்தலை நிராகரித்தல்"
"Release","வெளியீடு"
"Release Stability","வெளியீட்டின் நிலைத்தன்மை "
"Release Version","வெளியிட்டு பதிப்பு"
"Reload captcha","Reload captcha"
"Remote FTP","Remote FTP"
"Remove","நீக்குக"
"Reports","Reports"
"Request Path","Request Path"
"Required","தேவைப்படுகிறது"
"Reset","மறுஅமைவு"
"Reset Filter","Reset Filter"
"Reset Password","Reset Password"
"Reset a Password","Reset a Password"
"Resize","Resize"
"Resource Access","Resource Access"
"Resources","Resources"
"Results","Results"
"Retrieve Password","Retrieve Password"
"Return Html Version","Return Html Version"
"Revenue","Revenue"
"Reviews","Reviews"
"Reviews and Ratings","Reviews and Ratings"
"Rewrite Rules","Rewrite Rules"
"Role ID","Role ID"
"Role Info","பாத்திரம் பற்றிய தகவல்"
"Role Information","செயல்பங்கு  தகவல்கள்"
"Role Name","செயல்பங்கு பெயர்"
"Role Resources","Role Resources"
"Role Users","செயல்பங்கு பயனாளர்கள் "
"Roles","செயல்பங்கு "
"Roles Resources","Roles Resources"
"Rotate CCW","Rotate CCW"
"Rotate CW","Rotate CW"
"Run","இயக்கவும்"
"Run Profile","ப்ரோபைல்ஐ இயக்கவும் "
"Run Profile Inside This Window","இந்த விண்டோவில் ப்ரோபைல்ஐ இயக்கவும் "
"Run Profile in Popup","பாப் அப்ல் ப்ரோபைல்ஐ இயக்கவும் "
"Running... Kill","இயக்கத்தில்...நிறுத்து"
"SKU","ஸ்கு "
"SKU:","ஸ்கு:"
"SSL Error: Invalid or self-signed certificate","SSL Error: Invalid or self-signed certificate"
"Sales","விற்பனை "
"Sales Report","Sales Report"
"Samples","Samples"
"Save","சேமி"
"Save & Generate","Save & Generate"
"Save Account","அக்கவுண்டை சேமிக்கவும் "
"Save Cache Settings","கேச் அமைப்புக்களை சேமிக்கவும் "
"Save Config","கட்டமைப்பை சேமிக்கவும் "
"Save Currency Rates","நாணய விகிதங்களை சேமிக்கவும் "
"Save Profile","Save Profile"
"Save Role","பாத்திரத்தை சேமிக்கவும் "
"Save Template","டெம்ப்ளேடை சேமிக்கவும்"
"Save User","பயனரை சேமிக்கவும் "
"Save and Continue Edit","சேமித்த பின்பு தொகுத்தலை தொடரவும் "
"Search","தேடவும்"
"Search Index","தேடல் குறியீடு"
"Search Term","தேடல் சொல்"
"Search Terms","தேடல் சொற்கள் "
"Select","-- தேர்ந்தெடு --"
"Select All","அனைத்தையும் தேர்வு செய்"
"Select Category","பிரிவை தேர்வு செய்யவும்"
"Select Date","தேதியை தேர்வு செய் "
"Select Range","வரம்பை தேர்வு செய்யவும் "
"Select date","தேதியை தேர்வு செய்யவும் "
"Selected allowed currency ""%s"" is not available in installed currencies.","Selected allowed currency ""%s"" is not available in installed currencies."
"Selected base currency is not available in installed currencies.","Selected base currency is not available in installed currencies."
"Selected default display currency is not available in allowed currencies.","Selected default display currency is not available in allowed currencies."
"Selected default display currency is not available in installed currencies.","Selected default display currency is not available in installed currencies."
"Self-assigned roles cannot be deleted.","Self-assigned roles cannot be deleted."
"Sender","Sender"
"Separate Email","Separate Email"
"Shipment #%s comment added","Shipment #%s comment added"
"Shipment #%s created","Shipment #%s created"
"Shipment Comments","ஷிப்மெண்ட் பற்றிய கருத்துரைகள்"
"Shipment History","ஷிப்மெண்டின் வரலாறு"
"Shipments","Shipments"
"Shipping","Shipping"
"Shipping Address","Shipping Address"
"Shipping Address: ","Shipping Address: "
"Shipping Origin","Shipping Origin"
"Shipping Price","Shipping Price"
"Shipping address selection is not applicable","ஷிப்பிங் முகவரி தேர்வு பொருந்தாது "
"Shipping method must be specified.","ஷிப்பிங் முறை குறிப்பிட பட வேண்டும்"
"Shipping method selection is not applicable","Shipping method selection is not applicable"
"Shopping Cart","ஷாப்பிங் வண்டிகள்"
"Shopping Cart Price Rules","Shopping Cart Price Rules"
"Shopping Cart from %s","Shopping Cart from %s"
"Show By","Show By"
"Show Report For:","Show Report For:"
"Show Reviews","Show Reviews"
"Sitemap Information","Sitemap Information"
"Size for %s","Size for %s"
"Skip Category Selection","Skip Category Selection"
"Some items in this order have different invoice and shipment types. You can create shipment only after the invoice is created.","Some items in this order have different invoice and shipment types. You can create shipment only after the invoice is created."
"Some of the ordered items do not exist in the catalog anymore and will be removed if you try to edit the order.","Some of the ordered items do not exist in the catalog anymore and will be removed if you try to edit the order."
"Sorry, this feature is coming soon...","Sorry, this feature is coming soon..."
"Special Price:","Special Price:"
"Specific Countries","Specific Countries"
"Specified","Specified"
"Specified profile does not exist.","Specified profile does not exist."
"Spreadsheet Name:","Spreadsheet Name:"
"Start Date","Start Date"
"Starting profile execution, please wait...","Starting profile execution, please wait..."
"State/Province:","State/Province:"
"Static Blocks","நிலையான தொகுதிகள்"
"Status","நிலை "
"Status:","Status:"
"Stock Quantity:","Stock Quantity:"
"Stock notification was saved.","Stock notification was saved."
"Store","ஸ்டோர்"
"Store Email Addresses Section","ஸ்டோரின் மின்னஞ்சல் முகவரி  பகுதி"
"Store View","கடை பார்வை முறை "
"Store:","ஸ்டோர்:"
"Stores","ஸ்டோர்ஸ்"
"Subject","பொருள்"
"Submit","சமர்ப்பிக்கவும் "
"Subpackage cannot be conflicting.","Subpackage cannot be conflicting."
"Subtotal","உட்தொகை"
"Switch/Solo/Maestro Only","Switch/Solo/Maestro Only"
"Symbol","Symbol"
"Synchronization is required.","Synchronization is required."
"Synchronization of media storages has been successfully completed.","Synchronization of media storages has been successfully completed."
"Synchronize","Synchronize"
"Synchronizing %s to %s","Synchronizing %s to %s"
"Synchronizing...","Synchronizing..."
"System","முறை"
"System Section","முறை"
"System busy","System busy"
"Tags","குறிச்சொற்கள் "
"Target Path","இலக்கு பாதை"
"Tax","வரி"
"Tb","டிபி"
"Template","டெம்ப்ளேட்"
"Template Content","டெம்ப்ளேட் உள்ளடக்கம்"
"Template Information","டெம்ப்ளேட் தகவல்கள்"
"Template Name","டெம்ப்ளேட் பெயர்"
"Template Styles","டெம்ப்ளேட் ஸ்டைலஸ்"
"Template Subject","Template Subject"
"Template Type","Template Type"
"Temporary (302)","Temporary (302)"
"Terms and Conditions","Terms and Conditions"
"Text","Text"
"The Catalog Rewrites were refreshed.","The Catalog Rewrites were refreshed."
"The CatalogInventory Stock Status has been rebuilt.","The CatalogInventory Stock Status has been rebuilt."
"The Comment Text field cannot be empty.","The Comment Text field cannot be empty."
"The Flat Catalog Product was rebuilt","The Flat Catalog Product was rebuilt"
"The JavaScript/CSS cache has been cleaned.","The JavaScript/CSS cache has been cleaned."
"The JavaScript/CSS cache has been cleared.","The JavaScript/CSS cache has been cleared."
"The Layered Navigation indexing has been queued.","The Layered Navigation indexing has been queued."
"The Layered Navigation indexing queue has been canceled.","The Layered Navigation indexing queue has been canceled."
"The Layered Navigation indices were refreshed.","The Layered Navigation indices were refreshed."
"The Layered Navigation process has been queued to be killed.","The Layered Navigation process has been queued to be killed."
"The Magento cache storage has been flushed.","The Magento cache storage has been flushed."
"The URL Rewrite has been deleted.","இந்த யு ஆர் எல் மறுமுறை நீக்கப்பட்டது.."
"The URL Rewrite has been saved.","இந்த யு ஆர் எல் மறுமுறை சேமிக்கப்பட்டது."
"The account has been saved.","இந்த அக்கவுன்ட் சேமிக்கப்பட்டது."
"The archive can be uncompressed with <a href=""%s"">%s</a> on Windows systems","The archive can be uncompressed with <a href=""%s"">%s</a> on Windows systems"
"The attribute set has been removed.","The attribute set has been removed."
"The backup's creation process will take time.","The backup's creation process will take time."
"The billing agreement has been canceled.","The billing agreement has been canceled."
"The billing agreement has been deleted.","The billing agreement has been deleted."
"The cache storage has been flushed.","The cache storage has been flushed."
"The carrier needs to be specified.","The carrier needs to be specified."
"The catalog index has been rebuilt.","The catalog index has been rebuilt."
"The catalog rewrites have been refreshed.","The catalog rewrites have been refreshed."
"The configuration has been saved.","The configuration has been saved."
"The credit memo has been canceled.","The credit memo has been canceled."
"The credit memo has been created.","The credit memo has been created."
"The credit memo has been voided.","The credit memo has been voided."
"The custom variable has been deleted.","The custom variable has been deleted."
"The custom variable has been saved.","The custom variable has been saved."
"The customer has been deleted.","வாடிக்கையாளர் நீக்கப்பட்டது."
"The customer has been saved.","வாடிக்கையாளர் சேமிக்கப்பட்டது"
"The design change has been deleted.","டிசைன் மாற்றம் நீக்கப்பட்டது."
"The design change has been saved.","டிசைன் மாற்றம் சேமிக்கப்பட்டது."
"The email address is empty.","மின்னஞ்சல் முகவரி  காலியாக உள்ளது"
"The email template has been deleted.","The email template has been deleted."
"The email template has been saved.","The email template has been saved."
"The flat catalog category has been rebuilt.","The flat catalog category has been rebuilt."
"The group node name must be specified with field node name.","The group node name must be specified with field node name."
"The image cache was cleaned.","The image cache was cleaned."
"The image cache was cleared.","The image cache was cleared."
"The invoice and shipment have been created.","The invoice and shipment have been created."
"The invoice and the shipment  have been created. The shipping label cannot be created at the moment.","The invoice and the shipment  have been created. The shipping label cannot be created at the moment."
"The invoice has been canceled.","The invoice has been canceled."
"The invoice has been captured.","இந்த விலைப்பட்டியல் கைப்பற்றப்பட்டது"
"The invoice has been created.","இந்த விலைப்பட்டியல் உருவாக்கப்பட்டுவிட்டது."
"The invoice has been voided.","இந்த விலைப்பட்டியல் வெளியேற்றப்பட்டது"
"The invoice no longer exists.","இந்த விலைப்பட்டியல் தற்போது இல்லை "
"The item %s (SKU %s) does not exist in the catalog anymore.","The item %s (SKU %s) does not exist in the catalog anymore."
"The order does not allow creating an invoice.","The order does not allow creating an invoice."
"The order no longer exists.","இந்த ஆர்டர் தற்போது இல்லை"
"The poll has been deleted.","இந்த கருத்து கணிப்பு நீக்கப்பட்டது"
"The poll has been saved.","இந்த கருத்து கணிப்பு சேமிக்கப்பட்டது"
"The profile has been deleted.","இந்த ப்ரோபைல் நீக்கப்பட்டது"
"The profile has been saved.","இந்த ப்ரோபைல் சேமிக்கப்பட்டது."
"The profile has been updated.","இந்த ப்ரோபைல் புதுபிக்கப்பட்டது."
"The profile has no changes.","இந்த ப்ரோபைலில் எந்த மாற்றமும் இல்லை"
"The profile you are trying to save no longer exists","நீங்கள் சேமிக்க நினைக்கும் இந்த ப்ரோபைல் தற்போது இல்லை"
"The rating has been deleted.","இந்த மதிப்பீடு நீக்கப்பட்டது"
"The rating has been saved.","இந்த மதிப்பீடு சேமிக்கப்பட்டது"
"The role has been deleted.","இந்த பாத்திரம் நீக்கப்பட்டுவிட்டது "
"The role has been saved.","செயல்பங்கு சேமிக்கப்பட்டது"
"The role has been successfully saved.","இந்த பாத்திரம் வெற்றிகரமாக சேமிக்கப்பட்டுவிட்டது"
"The search index has been rebuilt.","The search index has been rebuilt."
"The shipment has been created.","The shipment has been created."
"The shipment has been sent.","இந்த ஷிப்மெண்ட் அனுப்பப்பட்டது."
"The shipping label has been created.","ஷிப்பிங் லேபில் உருவாக்கப்பட்டது."
"The tag has been deleted.","இந்த குறிச்சொல் நீக்கப்பட்டுவிட்டது "
"The tag has been saved.","இந்த குறிச்சொல் சேமிக்கப்பட்டது"
"The transaction details have been updated.","The transaction details have been updated."
"The user has been deleted.","இந்த பயனர் நீக்கப்பட்டுவிட்டது."
"The user has been saved.","இந்த பயனர் சேமிக்கப்பட்டது"
"Themes JavaScript and CSS files combined to one file.","Themes JavaScript and CSS files combined to one file."
"There is an error in one of the option rows.","There is an error in one of the option rows."
"This Account is","இந்த அக்கவுன்ட்"
"This Email template no longer exists.","இந்த மின்னஜல் டெம்ப்ளேட் தற்போதைக்கு இல்லை"
"This Role no longer exists","This Role no longer exists"
"This Role no longer exists.","This Role no longer exists."
"This account is","இந்த அக்கவுன்ட்"
"This account is inactive.","இந்த அக்கவுன்ட்/கணக்கு செயலிழக்கப்பட்டுவிட்டது"
"This action cannot be undone.","இது  செயல்தவிர்க்க முடியாத செயல் ஆகும் "
"This attribute set does not have attributes which we can use for configurable product","This attribute set does not have attributes which we can use for configurable product"
"This attribute shares the same value in all the stores","This attribute shares the same value in all the stores"
"This is a demo store. Any orders placed through this store will not be honored or fulfilled.","This is a demo store. Any orders placed through this store will not be honored or fulfilled."
"This is a required field.","இது ஒரு அவசியம் தேவைப்பட்ட புலம் "
"This product is currently disabled.","இந்த பொருள் தற்போதைக்கு முட்டக்கப்பட்டுள்ளது"
"This report depends on timezone configuration. Once timezone is changed, the lifetime statistics need to be refreshed.","This report depends on timezone configuration. Once timezone is changed, the lifetime statistics need to be refreshed."
"This section is not allowed.","This section is not allowed."
"This user no longer exists.","This user no longer exists."
"Time","நேரம்"
"Time selection:","Time selection:"
"Time:","Time:"
"Timeout limit for response from synchronize process was reached.","Timeout limit for response from synchronize process was reached."
"To","To"
"To cancel pending authorizations and release amounts that have already been processed during this payment, click Cancel.","To cancel pending authorizations and release amounts that have already been processed during this payment, click Cancel."
"To use PayPal Payflow Link, you must configure your PayPal Payflow Link account on the PayPal website.","To use PayPal Payflow Link, you must configure your PayPal Payflow Link account on the PayPal website."
"To use PayPal Payments Advanced, you must configure  your PayPal Payments Advanced account on the PayPal website.","To use PayPal Payments Advanced, you must configure  your PayPal Payments Advanced account on the PayPal website."
"Toggle Editor","Toggle Editor"
"Tools","Tools"
"Top 5 Search Terms","உயர்ந்த 5 தேடல் சொற்கள்"
"Total","மொத்தம் "
"Total Invoiced","பில் செய்யப்பட்ட தொகை "
"Total Order Amount","மொத்த ஆர்டர் தொகை"
"Total Refunded","திருப்பியளிக்கப்பட்ட மொத்தம் "
"Total of %d record(s) have been deleted.","Total of %d record(s) have been deleted."
"Total of %d record(s) have been updated.","Total of %d record(s) have been updated."
"Total of %d record(s) were canceled.","Total of %d record(s) were canceled."
"Total of %d record(s) were deleted","மொத்தம் %d பதிவு(கள்) நீக்கப்பட்டது"
"Total of %d record(s) were deleted.","மொத்தம் %d பதிவு(கள்) நீக்கப்பட்டது"
"Total of %d record(s) were updated","மொத்தம் %d பதிவு(கள்) புதுப்பிக்கப்பட்டது"
"Total of %d record(s) were updated.","மொத்தம் %d பதிவு(கள்) புதுப்பிக்கப்பட்டது"
"Track Order","ஆர்டரின் தடத்தை அறியவும்"
"Track this shipment","இந்த ஷிப்மெண்டின் தடத்தை அறியவும்"
"Tracking number %s for %s assigned","Tracking number %s for %s assigned"
"Tracking number cannot be empty.","Tracking number cannot be empty."
"Transaction Data","Transaction Data"
"Transaction Details","பரிவர்த்தனை விவரங்கள்"
"Transaction ID","பரிவர்த்தனை ஐடி"
"Transaction Type","பரிவர்த்தனைக்காண வகை "
"Transactional Emails","பரிவர்த்தனைக்காண மின்னஜல் "
"Transactions","பரிவர்த்தனைகள்"
"Try Magento Go for Free","மஜெண்டோவை இலவசமாக முயற்சி செய்யவும் "
"Type","வகை "
"Type:","வகை :"
"URL Rewrite","யு ஆர் எல் மறுமுறை எழுதவும்"
"URL Rewrite Information","யு ஆர் எல் மறுமுறை எழுதவதற்க்கான தகவல்"
"URL Rewrite Management","யு ஆர் எல் மறுமுறை எழுதவதற்க்கான மேலாண்மை"
"Unable to cancel the credit memo.","கடன் குறிப்பை ரத்து செய்ய முடியாது."
"Unable to find a Email Template to delete."," நீக்க வேண்டிய ஒரு மின்னஜல் டெம்ப்ளேட்ஐ கண்டுபிடிக்க முடியவில்லை."
"Unable to find a poll to delete."," நீக்க வேண்டிய ஒரு கருத்து கணிப்பை கண்டுபிடிக்க முடியவில்லை."
"Unable to find a tag to delete."," நீக்க வேண்டிய ஒரு குறிச்சொல்லை கண்டுபிடிக்க முடியவில்லை."
"Unable to find a user to delete."," நீக்க வேண்டிய ஒரு பயனரை கண்டுபிடிக்க முடியவில்லை."
"Unable to initialize import model","இறக்குமதி மாடல் துவக்க முடியவில்லை."
"Unable to refresh lifetime statistics.","வாழ்நாள் புள்ளிவிவரங்களை புதுப்பிப்பு செய்ய முடியவில்லை"
"Unable to refresh recent statistics.","அண்மைய புள்ளிவிவரங்களை புதுப்பிப்பு செய்ய முடியவில்லை"
"Unable to save the cron expression.","க்ரான்  எக்ஸ்ப்ரெஸ்ஸணை  சேமிக்க இயலவில்லை "
"Unable to save the invoice.","விலைப்பட்டியலை சேமிக்க முடியவில்லை"
"Unable to send the invoice email.","விளைப்பாட்டியளுக்கான மின்னஜலை அனுப்ப இயலவில்லை"
"Unable to send the shipment email.","Unable to send the shipment email."
"Unable to update transaction details.","Unable to update transaction details."
"Unable to void the credit memo.","Unable to void the credit memo."
"Unknown","Unknown"
"Unlimited","அளவில்லாதது"
"Update","இற்றைப்படுத்து"
"Updated At","புதுப்பிக்கப்பட்ட நேரம் "
"Upload File","Upload File"
"Upload Files","Upload Files"
"Upload HTTP Error","Upload HTTP Error"
"Upload I/O Error","Upload I/O Error"
"Upload Security Error","Upload Security Error"
"Upload import file","Upload import file"
"Uploaded file is larger than %.2f kilobytes allowed by server","Uploaded file is larger than %.2f kilobytes allowed by server"
"Use All Available Attributes","Use All Available Attributes"
"Use Config Settings","Use Config Settings"
"Use Default","Use Default"
"Use Default Value","Use Default Value"
"Use Default Variable Values","Use Default Variable Values"
"Use FTP Connection","FTP இணைப்பை பயன்படுத்தவும்"
"Use Website","இணையதளத்தை பயன்படுத்தவும்"
"Used Currently For","Used Currently For"
"Used as Default For","Used as Default For"
"User Email","பயனரின் மின்னஞ்சல்"
"User ID","பயனரின் ஐ டி"
"User Info","பயனர்  தகவல்"
"User Information","பயனர்  தகவல்"
"User Name","பயனர் பெயர்"
"User Name is required field.","பயனர்  பெயர் ஒரு அவசியம் தேவைப்பட்ட புலம் "
"User Name:","பயனர் பெயர்"
"User Password","பயனர்  கடவுச்சொல்."
"User Role","பயனரின் பாத்திரம் "
"User Roles","User Roles"
"User Roles Information","User Roles Information"
"User Type Resources","User Type Resources"
"User name","User name"
"Users","Users"
"VAT Number is Invalid","VAT Number is Invalid"
"VAT Number is Valid","VAT Number is Valid"
"Validation Results","செல்லுபடியாக்கத்தின் முடிவு"
"Value","மதிப்பு"
"Value Delimiter:","மதிப்பின் வரம்புக்குறி"
"Variable","மாறி"
"Variable Code","மாறியின் கோட்"
"Variable HTML Value","மாறியின் எச் டி எம் எல் மதிப்பு "
"Variable ID","மாறிக்கான ஐ டி"
"Variable Name","மாறியின் பெயர்"
"Variable Plain Value","Variable Plain Value"
"Verifier code: %s","Verifier code: %s"
"View Actions XML","View Actions XML"
"View Full Size","முழு அளவையும் பார்க்கவும்"
"View Memo","குறிப்பானையை பார்க்க "
"View Memo for #%s","இந்த #%s குறிப்பானையை பார்க்க "
"View Shipment","ஷிப்மெண்டை பார்க்க "
"View Statistics For:","புள்ளிவிவரங்களை பார்க்க:"
"Visibility:","காணும்தன்மை:"
"Warning","எச்சரிக்கை"
"Warning! Empty value can cause problems with CSV format.","எச்சரிக்கை! வெற்று மதிப்புக்கள் உங்களது CSV வடிவத்திற்கு பிரச்சினைகளை உருவாக்கலாம்"
"Warning!\r\nThis action will remove this user from already assigned role\r\nAre you sure?","Warning!\r\nThis action will remove this user from already assigned role\r\nAre you sure?"
"Warning!\r\nThis action will remove those users from already assigned roles\r\nAre you sure?","Warning!\r\nThis action will remove those users from already assigned roles\r\nAre you sure?"
"Warning: Please do not close the window during importing/exporting data","Warning: Please do not close the window during importing/exporting data"
"Watermark File for %s","Watermark File for %s"
"We appreciate our merchants\' feedback, please <a href=""#"" onclick=""surveyAction(\'yes\'); return false;"">take our survey</a> to provide insight on the features you would like included in Magento. <a href=""#"" onclick=""surveyAction(\'no\'); return false;"">Remove this notification</a>","We appreciate our merchants\' feedback, please <a href=""#"" onclick=""surveyAction(\'yes\'); return false;"">take our survey</a> to provide insight on the features you would like included in Magento. <a href=""#"" onclick=""surveyAction(\'no\'); return false;"">Remove this notification</a>"
"We\'re in our typing table, coding away more features for Magento. Thank you for your patience.","We\'re in our typing table, coding away more features for Magento. Thank you for your patience."
"Web Section","இணைய பகுதி"
"Web Services","இணைய சேவைகள்"
"Web services","இணைய சேவைகள்"
"Website","வலைத்தளம்"
"What is this?","இது என்ன ?"
"Wishlist Report","விருப்பப்பட்டியல் அறிக்கை"
"Wishlist item is not loaded.","Wishlist item is not loaded."
"Wrong account specified.","தவறான அக்கவுன்ட் குறிப்பிடப்பட்டுள்ளது"
"Wrong billing agreement ID specified.","Wrong billing agreement ID specified."
"Wrong column format.","Wrong column format."
"Wrong newsletter template.","தவறான செய்தித்தாள் டெம்ப்ளேட்"
"Wrong quote item.","Wrong quote item."
"Wrong tab configuration.","Wrong tab configuration."
"Wrong tag was specified.","தவறான குறிச்சொல் கொடுக்கப்பட்டுள்ளது"
"Wrong transaction ID specified.","தவறான பரிவர்த்தனை ஐ டி  குறிப்பிடப்பட்டுள்ளது"
"XML","எக்க்ஸ்எம்ல்"
"XML data is invalid.","எக்ஸ்எம்எல் மதிப்புகள் சரியானவை அல்ல "
"XML object is not instance of ""Varien_Simplexml_Element"".","XML object is not instance of ""Varien_Simplexml_Element""."
"YTD","YTD"
"Year","வருடம்"
"Yes","ஆம்"
"Yes (301 Moved Permanently)","ஆம்  (301 நிரந்தரமாக நகர்த்தப்பட்டது )"
"Yes (302 Found)","ஆம் (302 காணப்பட்டது)"
"Yes (only price with tax)","Yes (only price with tax)"
"You cannot delete your own account.","உங்களுடைய அக்கவுண்டை நீங்களே நீக்க முடியாது"
"You have %s unread message(s).","உங்களுக்கு %s படிக்கப்படாத செய்தி(கள்) உள்ளன"
"You have %s unread message(s). <a href=""%s"">Go to messages inbox</a>.","உங்களுக்கு %s படிக்கப்படாத செய்தி(கள்) உள்ளன. <a href=""%s"">இன்பாக்ஸ்க்கு செல்லவும் </a>."
"You have %s, %s and %s unread messages. <a href=""%s"">Go to messages inbox</a>.","உங்களுக்கு  %s, %s and %s படிக்கப்படாத செய்திகள் உள்ளன. <a href=""%s"">இன்பாக்ஸ்க்கு செல்லவும் </a>."
"You have logged out.","நீங்கள் விடு பதிகை செய்துள்ளீர்கள்"
"You have not enough permissions to use this functionality.","இந்த செயல்பாட்டினை செய்ய உங்களுக்கு போதுமான அனுமதி இல்லை "
"You must have JavaScript enabled in your browser to utilize the functionality of this website.","You must have JavaScript enabled in your browser to utilize the functionality of this website."
"You need to specify order items.","You need to specify order items."
"You will need to wait when the action ends.","உங்கள் செயல் முடியும்வரை நீங்கள் காத்திருக்க வேண்டும்"
"Your answers contain duplicates.","உங்களது பதில்களில் ஒத்த நகல்கள் உள்ளன "
"Your password has been updated.","உங்களது கடவுச்சொல் புதுப்ப்பிக்கப்பட்டது"
"Your password reset link has expired.","உங்களது கடவுச்சொல்லை மீட்டமைப்பதற்கான இணைப்பு காலாவதியானது"
"Your server PHP settings allow you to upload files not more than %s at a time. Please modify post_max_size (currently is %s) and upload_max_filesize (currently is %s) values in php.ini if you want to upload larger files.","Your server PHP settings allow you to upload files not more than %s at a time. Please modify post_max_size (currently is %s) and upload_max_filesize (currently is %s) values in php.ini if you want to upload larger files."
"Your web server is configured incorrectly. As a result, configuration files with sensitive information are accessible from the outside. Please contact your hosting provider.","Your web server is configured incorrectly. As a result, configuration files with sensitive information are accessible from the outside. Please contact your hosting provider."
"Zip/Postal Code","ஜிப்/தபால் கோட்"
"Zip/Postal Code:","ஜிப்/தபால் கோட்:"
"[ deleted ]","[நீக்கப்பட்டது]"
"[GLOBAL]","[குளோபல்]"
"[STORE VIEW]","[ஸ்டோர் பார்வை]"
"[WEBSITE]","[இணையதளம்]"
"b","b"
"close","மூடவும்"
"critical","உய்யம்"
"example: ""sitemap/"" or ""/"" for base path (path must be writeable)","example: ""sitemap/"" or ""/"" for base path (path must be writeable)"
"example: sitemap.xml","example: sitemap.xml"
"failed","failed"
"from","from"
"major","பெரிய"
"minor","சிறிய"
"notice","அறிவிப்பு "
"store(%s) scope","store(%s) scope"
"successful","successful"
"to","to"
"website(%s) scope","website(%s) scope"
"{{base_url}} is not recommended to use in a production environment to declare the Base Unsecure URL / Base Secure URL. It is highly recommended to change this value in your Magento <a href=""%s"">configuration</a>.","{{base_url}} is not recommended to use in a production environment to declare the Base Unsecure URL / Base Secure URL. It is highly recommended to change this value in your Magento <a href=""%s"">configuration</a>."