" The customer does not exist in the system anymore.","系統中不存在該客戶。"
" [deleted]","[已刪除]"
" and ","並且"
"%s (Default Template from Locale)","%s （不同地區的預設範本）"
"%s cache type(s) disabled.","%s個緩存類型被禁用。"
"%s cache type(s) enabled.","%s個緩存類型被啟用。"
"%s cache type(s) refreshed.","%s個緩存類型被重新整理。"
"(For Type ""Local Server"" need to use relative path to Magento install var/export or var/import, e.g. var/export, var/import, var/export/some/dir, var/import/some/dir)","（對於類型 ""Local Server"" 需要使用到 Magento install var/export 或 var/import 的相對路徑，例如 var/export、var/import、var/export/some/dir、var/import/some/dir）"
"(For US 2-letter state names)","（用于美國兩個字母代表的州名稱）"
"(If left empty will be auto-generated)","（如果留空將自動生成）"
"(Leave empty for first spreadsheet)","（第一個表格可留空）"
"(Products will be added/updated to this store if 'store' column is blank or missing in the import file.)","（如果""店舖""一欄為空或在滙入的文件中不存在，則產品會被添加/更新到該店舖中。）"
"(Shift-)Click or drag to change value","（Shift-）點擊或拖拽即可更改值"
"(Starting with)","（始於）"
"(When 'No', only mapped fields will be imported. When mapping, use 'column1', 'column2', etc.)","（如果為""否""，則只有對應的文件會被滙入。在對應時，請使用 'column1'、'column2'等。）"
"(You have to increase php memory_limit before changing this value)","（更改該值之前您需要增大php的memory_limit）"
"(\\t for tab)","（\\t 可打開選項卡）"
"* - If indexing is in progress, it will be killed and new indexing process will start.","* - 如果正在建立索引，則會被停止，並重新開始新的索引進程。"
"* Required Fields","*必填"
"- Click on any of the time parts to increase it","- 點擊時間的任何部分即可更改"
"- Hold mouse button on any of the above buttons for faster selection.","- 在任何按鈕上按下滑鼠按鍵即可選中。"
"- Use the %s buttons to select month","- 使用%s 按鈕選擇月份"
"- Use the %s, %s buttons to select year","- 使用%s，%s按鈕選擇年份"
"- or Shift-click to decrease it","- 或Shift-點擊以減小"
"- or click and drag for faster selection.","- 或點擊並拖拽以快速選中。"
"-- Not Selected --","-- 未選擇 --"
"-- Please Select --","-- 請選擇 --"
"-- Please Select Billing Agreement--","-- 請選擇記賬協議 --"
"-- Please Select a Category --","-- 請選擇一個分類 --"
"-- Please select --","--請選擇--"
"--Please Select--","-- 請選擇 --"
"1 Hour","1小時"
"12 Hours","12小時"
"12h AM/PM","12h AM/PM"
"2 Hours","2小時"
"24 Hours","24小時"
"24h","24h"
"2YTD","2YTD"
"6 Hours","6小時"
"<h1 class=""page-heading"">404 Error</h1><p>Page not found.</p>","<h1 class="" page-heading""="">404 錯誤</h1><p>頁面未找到。</p>"
"<strong>%s</strong> requests access to your account","<strong>%s的</strong>請求訪問您的帳戶"
"<strong>Attention</strong>: Captcha is case sensitive.","<strong>注意</strong>：驗證碼區分大小寫。"
"A user with the same user name or email aleady exists.","使用相同名稱或郵件地址的用戶已存在。"
"API Key","API Key"
"API Key Confirmation","API Key配置"
"ASCII","ASCII"
"Abandoned Carts","放棄購物車"
"About the calendar","關於日曆"
"Access Denied","訪問被拒絕"
"Access denied","訪問被拒絕"
"Access denied.","訪問被拒絕"
"Account Created in:","帳戶建立於："
"Account Created on (%s):","帳戶建立於（%s）："
"Account Created on:","帳戶建立於："
"Account Information","帳戶資訊"
"Account Status","帳戶狀態"
"Account status","帳戶狀態"
"Action","操作"
"Actions","操作"
"Actions XML","操作XML"
"Active","活動"
"Add","添加"
"Add Exception","添加例外"
"Add Field Mapping","添加欄位對應"
"Add Field with URL:","添加帶URL的欄位："
"Add New","添加新內容"
"Add New Image","添加新圖像"
"Add New Profile","添加新設定檔"
"Add New Role","添加新角色"
"Add New Template","添加新範本"
"Add New URL Rewrite","添加新URL重寫"
"Add New User","添加新用戶"
"Add New Variable","添加新變數"
"Add Products","新增產品"
"Add URL Rewrite","添加URL重寫"
"Add URL Rewrite for a Category","為分類添加URL重寫"
"Add URL Rewrite for a Product","為產品添加URL重寫"
"Add after","隨後添加"
"Additional Cache Management","額外的緩存管理"
"Address Type:","地址類型："
"Admin","管理員"
"Advanced Admin Section","進階管理區域"
"Advanced Profiles","進階設定檔"
"Advanced Section","進階區域"
"After authorization application will have access to you account.","申請授權後，將有機會到您的帳戶。"
"All","全部"
"All Allowed Countries","所有允許的國家"
"All Cache","所有緩存"
"All Files","所有文件"
"All Reviews","所有評測"
"All Store Views","所有店舖視圖"
"All Tags","所有標籤"
"All Websites","所有網站"
"All countries","所有國家"
"All fields","所有欄位"
"All possible rates were fetched, please click on ""Save"" to apply","將自動獲取所有可能的費率，請單擊""保存""以套用"
"All rates were fetched, please click on ""Save"" to apply","所有費率已獲取，請單擊""保存""已套用"
"All valid rates have been saved.","所有有效的評級均已保存。"
"Always (during development)","總是（在開發過程中）"
"Amounts","數量"
"An error has occured while syncronizing media storages.","同步媒體存儲時發生錯誤。"
"An error occurred while clearing the JavaScript/CSS cache.","清空 JavaScript/CSS 緩存時發生錯誤。"
"An error occurred while clearing the image cache.","清空圖像緩存時發生錯誤。"
"An error occurred while deleting URL Rewrite.","刪除的URL重寫時發生錯誤。"
"An error occurred while deleting email template data. Please review log and try again.","刪除電子郵件範本數據時發生錯誤。請查看日誌並重試。"
"An error occurred while deleting record(s).","刪除記錄時發生錯誤。"
"An error occurred while deleting this role.","刪除該角色時發生錯誤。"
"An error occurred while deleting this set.","刪除該集合時發生錯誤。"
"An error occurred while deleting this template.","刪除該範本時發生錯誤。"
"An error occurred while finishing process. Please refresh the cache","完成進程時發生錯誤。請重新整理緩存"
"An error occurred while rebuilding the CatalogInventory Stock Status.","重建目錄庫存狀態時發生錯誤。"
"An error occurred while rebuilding the catalog index.","重建目錄索引時發生錯誤。"
"An error occurred while rebuilding the flat catalog category.","重建平面目錄類別時發生錯誤。"
"An error occurred while rebuilding the flat product catalog.","重建平面產品目錄時發生錯誤。"
"An error occurred while rebuilding the search index.","重建搜索索引時發生錯誤。"
"An error occurred while refreshing the Catalog Rewrites.","重新整理目錄重寫時發生錯誤。"
"An error occurred while refreshing the Layered Navigation indices.","重新整理分層導航指標時發生錯誤。"
"An error occurred while refreshing the catalog rewrites.","重新整理目錄重寫時發生錯誤。"
"An error occurred while refreshing the layered navigation indices.","重新整理層次式導航索引時發生錯誤。"
"An error occurred while saving URL Rewrite.","保存URL重寫時發生錯誤。"
"An error occurred while saving account.","保存賬戶時發生錯誤。"
"An error occurred while saving review.","保存討論時發生錯誤。"
"An error occurred while saving the customer.","保存客戶時發生錯誤。"
"An error occurred while saving this configuration:","保存該配置時發生錯誤："
"An error occurred while saving this role.","保存該角色時出現了錯誤。"
"An error occurred while saving this template.","保存該範本時出現了錯誤。"
"An error occurred while updating the selected review(s).","更新所選評測時出現了錯誤。"
"Any","任意"
"Any Attribute Set","任何屬性集"
"Any Group","任何組"
"Any Status","任何狀態"
"Any Store","任何店舖"
"Any Type","任何類型"
"Any Visibility","任何可見性"
"Any data created since the backup was made will be lost including admin users, customers and orders.","備份以來建立的任何數據都將丟失，包括管理員用戶，客戶和訂單。"
"Archive file name:","存檔文件名："
"Are you sure that you want to delete this template?","您是否確認要刪除該範本？"
"Are you sure that you want to strip tags?","您是否確認要取消標籤？"
"Are you sure you want to do this?","您是否確認要這樣做？"
"Are you sure you want to proceed?","你確定你要繼續嗎？"
"Area","區域"
"As low as:","低至："
"Assigned","已分配"
"Associated Tags","已分配的標籤"
"Attribute Set Name:","屬性集名稱："
"Attributes","屬性"
"Authorization confirmed","授權確認"
"Authorize","授權"
"Authorize application","授權申請"
"Authorized OAuth Tokens","授權的OAuth的Token"
"Automatic (equalize price ranges)","自動（均衡價格範圍）"
"Automatic (equalize product counts)","自動（均衡產品計數）"
"Average Order Amount","平均訂單量"
"Average Orders","平均訂單"
"BINARY","二進製"
"Back","返回"
"Back to Login","返回到登錄介面"
"Backup","備份"
"Backup Name","備份名稱"
"Backup options","備份選項"
"Backups","備份"
"Base currency","基本匯率"
"Bcc","Bcc"
"Bestsellers","最佳銷量"
"Billing Address","賬單地址"
"Billing Address: ","賬單地址："
"Billing Agreement","記賬協議"
"Billing Agreements","記賬協議"
"Block Information","塊資訊"
"Both (without and with tax)","都有（含稅和不含稅）"
"Both IPN and PDT","IPN和PDT"
"Browse Files...","瀏覽文件..."
"Bundle with dynamic pricing cannot include custom defined options. Options will not be saved.","與動態價格的捆綁不能包含自定的選項。選項將無法保存。"
"CMS","CMS"
"CRITICAL","重要"
"CSV","CSV"
"CSV / Tab separated","CSV / Tab分隔"
"Cache Control","緩存控制"
"Cache Control (beta)","緩存控制（測試版）"
"Cache Management","緩存管理"
"Cache Type","緩存類型"
"Cancel","取消"
"Cannot add new comment.","無法添加新評論。"
"Cannot add tracking number.","無法追蹤編號。"
"Cannot create an invoice without products.","無法在沒有產品時建立發票。"
"Cannot create credit memo for the order.","無法為該訂單建立信用記錄。"
"Cannot delete the design change.","無法刪除該設計變動。"
"Cannot delete tracking number.","無法刪除追蹤編號。"
"Cannot do shipment for the order separately from invoice.","無法將產品與發票分開發送。"
"Cannot do shipment for the order.","無法對該訂單發貨。"
"Cannot initialize shipment for adding tracking number.","無法初始化訂單以添加追蹤編號。"
"Cannot initialize shipment for delete tracking number.","無法初始化發貨以刪除追蹤編號。"
"Cannot load track with retrieving identifier.","無法用獲取的標識符載入追蹤。"
"Cannot retrieve tracking number detail.","無法獲取追蹤編號詳情。"
"Cannot save shipment.","無法保存運送。"
"Cannot save the credit memo.","無法保存信用記錄。"
"Cannot send shipment information.","無法發送運行資訊。"
"Cannot update item quantity.","無法更新商品數量。"
"Cannot update the item\'s quantity.","無法更新商品的數量。"
"Card Verification Number","Card Verification Number"
"Catalog","分類"
"Catalog Price Rules","分類價格規則"
"Catalog Rewrites","分類重寫"
"Categories","分類"
"Category","Category"
"Category:","分類："
"Chart is disabled. If you want to enable chart, click <a href=""%s"">here</a>.","圖表被禁用。如果希望啟用圖表，請點擊 <a href="" %s""="">這裡</a>。"
"Checkbox","覆選框"
"Child Transactions","子交易"
"Choose Store View:","選擇店鋪查看："
"Choose an attribute","選擇一個屬性"
"Chosen category does not associated with any website, so url rewrite is not possible.","所選分類沒有關聯給任何網站，因此URL重寫不可用。"
"Chosen product does not associated with any website, so url rewrite is not possible.","所選產品沒有關聯給任何網站，因此URL重寫不可用。"
"Clear","清空"
"Close","關閉"
"Code","Code"
"Comment text field cannot be empty.","評論文本欄位不能為空。"
"Complete","完成"
"Config form fieldset clone model required to be able to clone fields","配置形式的fieldset克隆模式能夠克隆領域"
"Configuration","配置"
"Confirm New Password","確認新密碼"
"Confirm token authorization Pop Up for admin","Token授權彈出確認為管理"
"Confirm token authorization for admin","確認Token授權管理"
"Confirmation Of Authorization","通過授權"
"Confirmed email:","確認郵件："
"Connect with the Magento Community","連接到Magento社區"
"Continue","繼續"
"Convert to Plain Text","轉換為純文本"
"Cookie (unsafe)","Cookie（不安全）"
"Country","國家"
"Country:","國家："
"Coupons","折價券"
"Create","建立"
"Create DB Backup","建立DB備份"
"Create New Attribute","新建屬性"
"Create URL Rewrite:","建立URL重寫："
"Created At","建立於"
"Credit Card %s","信用卡 %s"
"Credit Card Number","Credit Card Number"
"Credit Card Number: xxxx-%s","Credit Card Number: xxxx-%s"
"Credit Card Type","Credit Card Type"
"Credit Card Type: %s","Credit Card Type: %s"
"Credit Memo History","信用記錄歷史"
"Credit Memo Totals","信用記錄總數"
"Credit Memos","信用記錄"
"Credit memo #%s comment added","信用記錄 #%s 評論已添加"
"Credit memo #%s created","信用記錄 #%s 已建立"
"Credit memo\'s total must be positive.","信用記錄的總數必須為正數。"
"Currency","幣種"
"Currency ""%s"" is used as %s in %s.","""%s的""貨幣用於在%s為%s。"""
"Currency Information","幣種資訊"
"Currency Setup Section","幣種設置區域"
"Current Configuration Scope:","當前配置範圍："
"Current Month","當前月份"
"Custom","自定"
"Custom Variable ""%s""","自定變數 ""%s"""
"Custom Variables","自定變數"
"Customer","客戶"
"Customer Group:","顧客組："
"Customer Groups","客戶組"
"Customer Name","顧客名稱"
"Customer Reviews","顧客評測"
"Customer Shopping Carts","顧客購物車"
"Customer Since:","顧客註冊於："
"Customer Tax Classes","客戶稅率"
"Customer with the same email already exists.","使用相同郵件地址的顧客已存在。"
"Customers","客戶"
"Customers by Number of Orders","按訂單編號排列顧客"
"Customers by Orders Total","按訂單數量排列顧客"
"DHTML Date/Time Selector","DHTML 日期/時間選擇器"
"Dashboard","儀表板"
"Data Format","數據格式"
"Data transfer:","數據傳輸："
"Database","數據庫"
"Dataflow - Advanced Profiles","Dataflow - 進階設定檔"
"Dataflow - Profiles","Dataflow - 設定檔"
"Date","日期"
"Date & Time","日期與時間"
"Date Added","添加日期"
"Date Updated","更新日期"
"Date selection:","選擇日期："
"Date selector","日期選擇器"
"Day","天"
"Decimal separator:","十進製分隔符："
"Default (Admin) Values","預設（管理）值"
"Default Billing Address","預設賬單地址"
"Default Config","預設配置"
"Default Template from Locale","不同地區的預設範本"
"Default Values","預設值"
"Default display currency ""%s"" is not available in allowed currencies.","預設顯示的幣種 ""%s"" 不屬於允許使用的幣種。"
"Default scope","預設範圍"
"Delete","刪除"
"Delete %s","刪除 %s"
"Delete %s '%s'","刪除 %s '%s'"
"Delete File","刪除文件"
"Delete Image","刪除圖像"
"Delete Profile","刪除設定檔"
"Delete Role","刪除角色"
"Delete Store","刪除店舖"
"Delete Store View","刪除店舖視圖"
"Delete Template","刪除範本"
"Delete User","刪除用戶"
"Delete Website","刪除網站"
"Description","描述"
"Design","設計"
"Design Section","設計區域"
"Details","詳情"
"Developer Section","開發人員區域"
"Direction:","指導："
"Disable","禁用"
"Disabled","已禁用"
"Display %s first","顯示前 %s個"
"Display default currency","顯示預設幣種"
"Distributed under GNU LGPL. See %s for details.","在GNU LGPL下分發。詳情請參考 %s。"
"Do you really want to KILL parallel process and start new indexing process?","您是否想要結束併發進程並重新開始索引進程？"
"Do you really want to proceed?","你真的要繼續嗎？"
"Download","下載"
"Downloads","下載"
"Drag to move","拖拽以移動"
"Drop-down","下拉菜單"
"Edit","編輯"
"Edit Design Change","編輯設計變動"
"Edit Email Template","編輯郵件範本"
"Edit Order","編輯訂單"
"Edit Poll","編輯投料"
"Edit Queue","編輯隊列"
"Edit Review","編輯評測"
"Edit Role","編輯角色"
"Edit Store View","編輯店舖視圖"
"Edit System Template","編輯系統範本"
"Edit Template","編輯範本"
"Edit URL Rewrite","編輯URL重寫"
"Edit User","編輯用戶"
"Edit User '%s'","編輯用戶'%s'"
"Edit Website","編輯網站"
"Email","電子郵件"
"Email Address:","電子郵件地址："
"Email Preview","郵件預覽"
"Email to a Friend","給朋友發郵件"
"Email:","電子郵件："
"Enable","啟用"
"Enabled","已啟用"
"Enclose Values In:","將值包含於："
"Entity Attributes","編輯屬性"
"Entity Type","實體類型"
"Entity type:","實體類型："
"Error","錯誤"
"Excel XML","Excel XML"
"Excl. Tax","不含稅"
"Exclude media folder from backup","從備份中排除媒體夾"
"Expiration Date","Expiration Date"
"Expiration Date: %s/%s","Expiration Date: %s/%s"
"Export","滙出"
"Export CSV","滙出CSV"
"Export Filters","滙出篩選器"
"Export to:","滙出到："
"Export:","滙出："
"FTP Host","FTP主機"
"FTP Host[:Port]","FTP主機[:端口]"
"FTP Login","FTP登錄"
"FTP Password","FTP密碼"
"FTP credentials","FTP憑據"
"Failed","Failed"
"Failed to add a product to cart by id ""%s"".","按照編號 ""%s"" 向購物車添加商品時失敗。"
"Failed to cancel the billing agreement.","取消記賬協議時出錯。"
"Failed to clear the JavaScript/CSS cache.","清空JavaScript/CSS緩存時出錯。"
"Failed to delete the billing agreement.","刪除記賬協議時出錯。"
"Failed to update the profile.","更新設定檔時出錯。"
"Field","欄位"
"Field Mapping","欄位對應"
"File","文件"
"File Information","文件資訊"
"File System","文件系統"
"File mode","文件模式"
"File name:","文件名："
"File size should be more than 0 bytes","文件大小應超過0位元組。"
"Finished profile execution.","設定檔執行完畢。"
"First Invoice Created Date","第一張發票的建立日期"
"First Name","名字"
"First Name is required field.","名稱是必要欄位。"
"First Name:","名字："
"Fixed","固定"
"Flush Catalog Images Cache","清理分類圖像緩存"
"Flush JavaScript/CSS Cache","清理JavaScript/CSS緩存"
"For category","分類"
"For latest version visit: %s","最新版訪問：%s"
"For product","產品"
"Forgot Admin Password","忘記管理員密碼"
"Forgot your password?","忘記您的密碼？"
"Forgot your user name or password?","忘記了您的用戶名或密碼？"
"From","來自"
"GLOBAL","全局"
"Gb","Gb"
"General Information","常規資訊"
"General Section","常規區域"
"Get Image Base64","獲取Image Base64"
"Get help for this page","獲得有關本頁面的幫助"
"Give the verifier code to application administrator","驗證碼給應用程序管理員"
"Global Attribute","全局屬性"
"Global Record Search","全局記錄搜索"
"Global Search","全局搜索"
"Go Today","轉到今天"
"Go to messages inbox","進入資訊收件箱"
"Go to notifications","打開通知"
"Google Base","Google Base"
"Google Content","Google Content"
"Google Sitemaps","Google網站地圖"
"Grand Total","總計"
"Grid (default) / List","網格（預設）/列表"
"Grid Only","僅網格"
"Group:","組："
"Guest","來賓"
"HTTP (unsecure)","HTTP（不安全）"
"HTTPS (SSL)","HTTPS（SSL）"
"Help Us Keep Magento Healthy - Report All Bugs","幫助我們保持Magento的健康 - 彙報所有Bug"
"Helper attributes should not be used in custom layout updates.","自定佈局更新時不能使用 Helper 屬性。"
"Helper for options rendering doesn't implement required interface.","渲染選項的 Helper 無法在不使用介面時實施。"
"Home","主頁"
"ID","ID"
"ID Path","ID路徑"
"IP Address","IP地址"
"IPN (Instant Payment Notification) Only","僅IPN（即時支付通知）"
"Id","Id"
"If there is an account associated with %s you will receive an email with a link to reset your password.","如果有與%s關連的帳戶，您將收到一個重置密碼的連結的電子郵件。"
"If this message persists, please contact the store owner.","如果該資訊持續顯示，請聯繫店舖所有者。"
"If you do not specify an option value for a specific store view then the default (Admin) value will be used.","If you do not specify an option value for a specific store view then the default (Admin) value will be used."
"Images (.gif, .jpg, .png)","圖像（.gif、.jpg、.png）"
"Images Cache","圖像緩存"
"Import","滙入"
"Import Service","滙入服務"
"Import and Export","滙入和滙出"
"Import and Export Tax Rates","滙入和滙出稅率"
"Import/Export","滙入/滙出"
"Import/Export Advanced","進階滙入/滙出"
"Import/Export Profile","滙入/滙出設定檔"
"Important: ","重要："
"Imported <strong>%s</strong> records","滙入<strong>%s</strong> 的記錄"
"In","位於"
"In Database:","在數據庫："
"In File:","在文件："
"Inactive","未激活"
"Incl. Tax","含稅"
"Incoming Message","收到的資訊"
"Insert Variable...","插入變數..."
"Interactive","交互"
"Interface Locale: %s","介面區域：%s"
"Invalid Form Key. Please refresh the page.","來源密鑰無效，請重新整理本頁面。"
"Invalid Import Service Specified","指定的滙入服務無效。"
"Invalid POST data (please check post_max_size and upload_max_filesize settings in your php.ini file).","POST數據無效（請檢查您php.ini文件中的 post_max_size 與 upload_max_filesize 設置）。"
"Invalid Secret Key. Please refresh the page.","密鑰無效。請重新整理該頁面。"
"Invalid User Name or Password.","無效的用戶名或密碼。"
"Invalid directory: %s","無效目錄：%s"
"Invalid email address ""%s"".","電子郵件地址 ""%s"" 無效。"
"Invalid email address.","無效的電子郵件地址。"
"Invalid file: %s","無效文件：%s"
"Invalid input data for %s => %s rate","%s的輸入數據無效 => %s"
"Invalid parent block for this block","該塊的父塊無效"
"Invalid parent block for this block.","本塊的父塊無效。"
"Invalid password reset token.","無效的密碼重置Token."
"Invalid sender name ""%s"". Please use only visible characters and spaces.","發送方名稱 ""%s"" 無效。請只使用可見字符與空格。"
"Invalid timezone","時區無效"
"Invalidated","撤銷"
"Inventory Stock Status","庫存庫存狀態"
"Invoice #%s comment added","發票 #%s的評論已添加"
"Invoice #%s created","發票 #%s 已建立"
"Invoice History","發票歷史"
"Invoice Totals","發票總數"
"Invoice canceling error.","發票取消時出錯。"
"Invoice capturing error.","發票獲取出錯。"
"Invoice voiding error.","發票撤銷出錯。"
"Invoices","發票"
"Is Closed","已關閉"
"Is Default","Is Default"
"Issue Number","問題編號"
"Items","項目"
"JavaScript seems to be disabled in your browser.","JavaScript的似乎要在您的瀏覽器禁用。"
"JavaScript/CSS","JavaScript/CSS"
"JavaScript/CSS Cache","JavaScript/CSS緩存"
"Kb","Kb"
"Last 24 Hours","過去24小時"
"Last 5 Orders","上五個訂單"
"Last 5 Search Terms","上五個搜索條件"
"Last 7 Days","上七天"
"Last Credit Memo Created Date","上次信用記錄建立日期"
"Last Invoice Created Date","上一個發票建立日期"
"Last Logged In (%s):","上次登錄於（%s）："
"Last Logged In:","上次登錄："
"Last Name","姓氏"
"Last Name is required field.","姓氏是必要欄位。"
"Last Name:","姓氏："
"Last updated: %s. To refresh last day\'s <a href=""%s"">statistics</a>, click <a href=""%s"">here</a>.","上次更新： %s。要重新整理最新一天的 <a href="" %s""="">狀態</a>，請點擊<a href="" %s""="">這裡</a>。"
"Latest Message:","最新資訊："
"Layered Navigation Indices","層次式導航目錄"
"Layered Navigation Indices were refreshed.","層次式導航目錄已恢復。"
"Leave empty to use tax identifier","留空即可使用傳真標識符"
"Lifetime Sales","有效期銷售"
"Lifetime statistics have been updated.","有效期狀態已更新。"
"Links","連結"
"Links with associated products will retain only after saving current product.","關聯產品的連結只有在保存當前產品後才能維持。"
"List (default) / Grid","列表（預設）/網格"
"List Only","僅列表"
"Load Template","載入範本"
"Load default template","載入預設範本"
"Loading...","正在載入..."
"Local Server","本地伺服器"
"Local/Remote Server","本地/遠程伺服器"
"Locale","區域"
"Log In","登錄"
"Log Out","登出"
"Log in to Admin Panel","登錄到管理面板"
"Log in to use <strong>%s</strong>","登錄使用<strong>%s的</strong>"
"Log into Magento Admin Page","登錄到Magento管理頁面"
"Logged in as %s","登錄為 %s"
"Login","登錄"
"Low Stock","庫存量低"
"MAJOR","主要"
"MINOR","少量"
"MS Excel XML","MS Excel XML"
"Magento Admin","Magento管理"
"Magento Commerce - Administrative Panel","Magento Commerce - 管理面板"
"Magento Connect","Magento內容"
"Magento Connect Manager","Magento連接管理器"
"Magento Logo","Magento徽標"
"Magento is a trademark of Magento Inc. Copyright &copy; %s Magento Inc.","Magento是Magento Inc.的商標， Copyright © %s Magento Inc."
"Magento root directory","Magento的根目錄"
"Magento ver. %s","Magento 版本 %s"
"Magento&trade; is a trademark of Magento Inc.<br/>Copyright &copy; %s Magento Inc.","Magento™ 是Magento Inc.的商標<br>Copyright © %s Magento Inc."
"Make sure that data encoding in the file is consistent and saved in one of supported encodings (UTF-8 or ANSI).","確保該欄位編碼方式的一致，並使用可支持的編碼方式保存（UTF-8或ANSI）。"
"Manage Attribute Sets","管理屬性集"
"Manage Attributes","管理屬性"
"Manage Categories","管理分類"
"Manage Content","管理內容"
"Manage Currency Rates","管理匯率"
"Manage Currency Symbols","Manage Currency Symbols"
"Manage Customers","管理客戶"
"Manage Options (values of your attribute)","Manage Options (values of your attribute)"
"Manage Ratings","管理評級"
"Manage Stores","管理店舖"
"Manage Tax Rules","管理稅務規則"
"Manage Tax Zones and Rates","管理稅務區域與稅率"
"Manage Titles (Size, Color, etc.)","Manage Titles (Size, Color, etc.)"
"Manual","手工"
"Matched Expression","匹配的表達式"
"Maximum sender name length is 255. Please correct your settings.","Maximum sender name length is 255. Please correct your settings."
"Mb","Mb"
"Media (.avi, .flv, .swf)","多媒體（.avi、.flv、.swf）"
"Media storages synchronization has completed!","媒體存儲的同步已完成！"
"Messages Inbox","收件箱"
"Month","月"
"Most Viewed","最受歡迎"
"Most Viewed Products","最受關注商品"
"Multiple Select","多選"
"My Account","我的帳戶"
"My Applications","我的應用程序"
"N/A","N/A"
"NOTICE","注意"
"Name","名稱"
"Name on Card","Name on Card"
"Name on the Card: %s","Name on the Card: %s"
"Name:","名稱："
"Never (production)","從來沒有（生產）"
"New ","新"
"New API Key","新API Key"
"New Accounts","新帳戶"
"New Attribute","新屬性"
"New Block","新塊"
"New Category","新分類"
"New Class","新類"
"New Condition","新條件"
"New Custom Variable","新郵件範本"
"New Customer","新顧客"
"New Customers","新客戶"
"New Design Change","新設計變動"
"New Email Template","新組"
"New Group","新組"
"New Invoice","新發票"
"New Item Type","新項目類型"
"New Memo","新紀錄"
"New Memo for #%s","#%s的新紀錄"
"New Page","新頁面"
"New Password","新密碼"
"New Poll","新投票"
"New Profile","新設定檔"
"New Rate","新比例"
"New Rating","新評級"
"New Review","新評測"
"New Role","新角色"
"New Rule","新規則"
"New Search","新搜索"
"New Set","新集"
"New Shipment","新運單"
"New Sitemap","新網站地圖"
"New Store View","新店鋪視圖"
"New System Template","新系統範本"
"New Tag","新標籤"
"New Template","新範本"
"New User","新用戶"
"New Variable","新變數"
"New Website","新網站"
"New attribute set mapping","New attribute set mapping"
"New password field cannot be empty.","新密碼欄位不能為空。"
"Newsletter","新聞郵件"
"Newsletter Problems","新聞郵件問題"
"Newsletter Queue","新聞郵件隊列"
"Newsletter Subscribers","新聞郵件訂閱者"
"Newsletter Templates","新聞郵件範本"
"Next month (hold for menu)","下個月（按下可打開菜單）"
"Next year (hold for menu)","明年（按下可打開菜單）"
"No","否"
"No (price without tax)","無（不含稅價格）"
"No Data","No Data"
"No Data Found","數據未找到"
"No Templates Found","範本未找到"
"No change","無變動"
"No customer id defined.","未定義自定 ID。"
"No information available.","無可用資訊。"
"No profile loaded...","未載入設定檔..."
"No records found for this period.","這段時期內未找到記錄。"
"No records found.","未找到記錄。"
"No report code specified.","未指定報告代碼。"
"No search keywords.","無搜索關鍵字。"
"No search modules were registered","未註冊搜索模塊"
"No wishlist item id defined.","未定義願望清單項目 ID。"
"None","無"
"Note:","注意："
"Notes","注意"
"Notifications","通知"
"Number of Orders","訂單數量"
"Number of Uses","用戶數"
"Number of Views","觀看次數"
"Number of records:","記錄數量："
"OAuth Consumers","OAuth的消費者"
"OAuth authorization for admin","admin的OAuth授權"
"OAuth authorization simple for admin","簡單的管理OAuth授權"
"OK","確定"
"Old rate:","原本的比例："
"Once you log into your PayPal Advanced account, navigate to the Service Settings - Hosted Checkout Pages - Set Up menu and set the options described below","一旦你登錄到你的PayPal高級賬戶，導航服務設置 - 託管結帳頁面 - 設置菜單，並設置以下選項"
"Once you log into your PayPal Payflow Link account, navigate to the Service Settings - Hosted Checkout Pages - Set Up menu and set the options described below","一旦你登錄到你的PayPal Payflow連結帳戶，導航服務設置 - 託管結帳頁面 - 設置菜單，並設置以下選項"
"One or more media files failed to be synchronized during the media storages syncronization process. Refer to the log file for details.","在媒體存儲同步過程中，有一個或多個媒體文件的同步失敗。詳情請參考日誌文件。"
"One or more of the Cache Types are invalidated:","一個或多個緩存類型已失效："
"Online Customers","在線客戶"
"Only Once (version upgrade)","只有一次（版本升級）"
"Only attributes with scope ""Global"", input type ""Dropdown"" and Use To Create Configurable Product ""Yes"" are available.","只有範圍為 ""Global""、輸入類型為 ""Dropdown""，並""允許""用于建立可配置產品的屬性可以使用。"
"Only mapped fields","只對應欄位"
"Optional","可選"
"Options","選項"
"Options is required","Options is required"
"Order","訂單"
"Order #%s","訂單# %s"
"Order #%s (%s)","訂單 #%s(%s)"
"Order Created Date","訂單建立日期"
"Order ID","訂單 ID"
"Order Totals","訂單總數"
"Order Updated Date","訂單更新日期"
"Order Updated Date report is real-time, does not need statistics refreshing.","訂單更新日期報告是實時的，不需要重新整理狀態。"
"Orders","訂單"
"Original Magento attribute names in first row:","原始Magento屬性名位於第一行："
"Out of stock","缺貨"
"PDT (Payment Data Transfer) Only","僅限PDT（支付數據傳輸）"
"Package Extensions","包括擴展"
"Pages","頁面"
"Parent Product Thumbnail","父產品縮略圖"
"Parent Transaction ID","父交易ID"
"Passive mode","主動模式"
"Password","密碼"
"Password Confirmation","密碼確認"
"Password confirmation must be same as password.","密碼確認的密碼必須一致。"
"Password must be at least of %d characters.","密碼必須至少為 %s 個字符。"
"Password must include both numeric and alphabetic characters.","密碼必須包含數字和字母字符。"
"Password:","密碼："
"Path:","路徑："
"Payment method instance is not available.","支付方式不可用。"
"Payment method is not available.","支付方法不可用。"
"Payment method must be specified.","必須指定支付方法。"
"Pending Reviews","掛起的評測"
"Pending Tags","掛起的標記"
"Per Item","每商品"
"Per Order","每訂單"
"Percent","百分之"
"Performed At","執行於"
"Period","週期"
"Permanent (301)","永久 (301)"
"Permissions","權限"
"Personal Information","個人資訊"
"Phone:","電話："
"Please Select","請選擇"
"Please confirm site switching. All data that hasn\'t been saved will be lost.","請確認網站參數。所有未保存數據都將丟失。"
"Please enter 6 or more characters.","請輸入 6 個或更多個字符。"
"Please enter a number greater than 0 in this field.","請在該欄位中輸入大於0的數字。"
"Please enter a valid $ amount. For example $100.00.","請輸入有效的金額，例如$100.00。"
"Please enter a valid URL. For example http://www.example.com or www.example.com","請輸入有效的URL，例如http://www.example.com 或 www.example.com"
"Please enter a valid URL. http:// is required","請輸入有效URL，需要包含 http://"
"Please enter a valid credit card number.","請輸入有效的信用卡卡號。"
"Please enter a valid date.","請輸入有效日期"
"Please enter a valid email address. For example johndoe@domain.com.","請輸入有效郵件地址。例如johndoe@domain.com。"
"Please enter a valid email.","請輸入有效郵件。"
"Please enter a valid number in this field.","請在此區域輸入有效的數字。"
"Please enter a valid phone number. For example (123) 456-7890 or 123-456-7890.","請輸入有效的電話號碼。例如 (123) 456-7890 或 123-456-7890。"
"Please enter a valid social security number. For example 123-45-6789.","請輸入有效社會安全號碼，例如123-45-6789。"
"Please enter a valid value from list","請從列表中輸入有效的數值"
"Please enter a valid value, ex: 10,20,30","請輸入有效值，例如10、20、30"
"Please enter a valid zip code.","請輸入有效的郵政編碼。"
"Please enter a valid zip code. For example 90602 or 90602-1234.","請輸入一個有效的郵政編碼。例如：90602或90602-1234。"
"Please enter another credit card number to complete your purchase.","請輸入其他信用卡號碼以完成您的購買。"
"Please enter password","請輸入密碼"
"Please enter password to confirm rollback.","請輸入密碼以確認回滾。"
"Please enter valid password.","請輸入有效密碼。"
"Please make sure that all global admin search modules are installed and activated.","請確保所有全球管理員搜索模塊已安裝並已激活。"
"Please make sure that your changes were saved before running the profile.","請確保在運行個人資料前，您的更改已保存。"
"Please make sure your passwords match.","請確保密碼匹配。"
"Please select State/Province.","請選擇州/省。"
"Please select a customer.","請選擇一位客戶。"
"Please select a store.","請選擇一個店舖。"
"Please select an option.","請選擇一個選項。"
"Please select catalog searches.","請選擇類別搜索。"
"Please select customer(s).","請選擇客戶。"
"Please select message(s).","請選擇資訊。"
"Please select one of the above options.","請選擇上列選項中的一個。"
"Please select one of the options.","請選擇下列一個選項。"
"Please select review(s).","請選擇評論。"
"Please select tag(s).","請選擇標籤。"
"Please specify backup creation options","請指定建立備份選項"
"Please specify the admin custom URL.","請指定管理用的自定URL。"
"Please try to logout and sign in again.","請嘗試註銷並重新登錄。"
"Please type the letters from the image:","請從圖像中鍵入字母："
"Please use in this field only ""a-z,0-9,_"".","請在該欄位中只使用 ""a-z,0-9,_""。"
"Please use letters only (a-z) in this field.","請在此區域僅使用字母 (a-z)。"
"Please use numbers only in this field. Please avoid spaces or other characters such as dots or commas.","請在該欄位中只使用數字。請不要使用空格或其它字符，例如句點或逗號。"
"Please use only letters (a-z or A-Z), numbers (0-9) or spaces in this field.","請使用字母（az或AZ），數字（0-9）或在這一領域的空間。"
"Please use only letters (a-z) or numbers (0-9) only in this field. No spaces or other characters are allowed.","請在該欄位中只使用字母（a-z）或數字（0-9）。不能使用空格或其它字符。"
"Please use only letters (a-z) or numbers (0-9) or spaces and # only in this field.","請在此區域僅使用字母 (a-z) 或數字 (0-9) 或空格以及 #。"
"Please use this date format: dd/mm/yyyy. For example 17/03/2006 for the 17th of March, 2006.","請使用這樣的日期格式：dd/mm/yyyy。例如17/03/2006代表2006年3月17日。"
"Please wait while the indexes are being refreshed.","索引正在重新整理，請等待。"
"Please wait, loading...","請稍候，正在載入..."
"Please wait...","請稍候..."
"Please, add some answers to this poll first.","請首先給該投票中添加一些問題。"
"Please, select ""Visible in Stores"" for this poll first.","請首先為該投票選擇 ""店舖中可見""。"
"Poll Manager","投票管理器"
"Polls","投票"
"Popular","流行"
"Position","Position"
"Position of Watermark for %s","%s 的水印位置"
"Pregenerated product images files.","預先生成產品圖像文件。"
"Prev. month (hold for menu)","上個月（按下菜單）"
"Prev. year (hold for menu)","去年（按下可打開菜單）"
"Preview","預覽"
"Preview Template","預覽範本"
"Price","價格"
"Price alert subscription was saved.","價格警報訂閱已保存。"
"Price:","價格："
"Processed <strong>%s%% %s/%d</strong> records","已處理 <strong>%s%% %s/%d</strong> 記錄"
"Product","產品"
"Product Name","產品名稱"
"Product Reviews","產品評測"
"Product Tax Classes","產品稅率"
"Product Thumbnail Itself","產品縮略圖本身"
"Product is not loaded.","產品未被載入。"
"Product:","產品："
"Products","產品"
"Products Bestsellers Report","產品最佳銷量報告"
"Products Most Viewed Report","大部分產品報告"
"Products Ordered","產品已下單"
"Products in Carts","購物車中的產品"
"Profile Action","設定檔操作"
"Profile Actions XML","設定檔操作XML"
"Profile Direction","設定檔指導"
"Profile History","設定檔歷史"
"Profile Information","設定檔資訊"
"Profile Name","設定檔名稱"
"Profile Payments","設定檔支付"
"Profile Schedule","設定檔計劃"
"Profile Wizard","設定檔嚮導"
"Profiles","設定檔"
"Promo","促銷"
"Promotions","促銷"
"Purchased Item","已購買內容"
"Put store on the maintenance mode while backup creation","放在維護模式的商店，而建立備份"
"Put store on the maintenance mode while rollback processing","放在維護模式的商店，而回滾處理"
"Quantity","數量"
"Queue Refresh","隊列重新整理"
"Queued... Cancel","已添加隊列...取消"
"REST Roles","REST的角色"
"Radio Buttons","單選按鈕"
"Rates","費率"
"Read details","閱讀詳情"
"Rebuild","重建"
"Rebuild Catalog Index","重建分類索引"
"Rebuild Flat Catalog Category","重建平面分類類別"
"Rebuild Flat Catalog Product","重建平面分類產品"
"Recent Orders","近期訂單"
"Recent statistics have been updated.","最近更新的統計資訊。"
"Recurring Profile View","循環設定檔視圖"
"Recursive Dir","循環目錄"
"Redirect","重定向"
"Reference","參考"
"Reference ID","參考ID"
"Refresh","重新整理"
"Refresh Now*","立刻重新整理*"
"Refresh Statistics","重新整理狀態"
"Region/State","地區/州"
"Regular Price:","常規價格："
"Reject","拒絕"
"Reject token authorization Pop Up for admin","拒絕Token授權彈出的管理"
"Reject token authorization for admin","拒絕Token授權管理"
"Rejection Of Authorization","授權的抑制"
"Release","發布"
"Release Stability","釋放穩定性"
"Release Version","發布版本"
"Reload captcha","重新整理驗證碼"
"Remote FTP","遠程FTP"
"Remove","刪除"
"Reports","報告"
"Request Path","請求路徑"
"Required","必須"
"Reset","重置狀態"
"Reset Filter","重置篩選器"
"Reset Password","重設密碼"
"Reset a Password","重設密碼"
"Resize","調整大小"
"Resource Access","資源訪問"
"Resources","資源"
"Results","結果"
"Retrieve Password","找回密碼"
"Return Html Version","返回Html版本"
"Revenue","收入"
"Reviews","評測"
"Reviews and Ratings","評測與評級"
"Rewrite Rules","重寫規則"
"Role ID","角色ID"
"Role Info","角色資訊"
"Role Information","角色資訊"
"Role Name","角色名稱"
"Role Resources","角色資源"
"Role Users","角色用戶"
"Roles","角色"
"Roles Resources","角色資源"
"Root Category","Root Category"
"Rotate CCW","輪換CCW"
"Rotate CW","循環CW"
"Run","運行"
"Run Profile","運行設定檔"
"Run Profile Inside This Window","在該窗口內運行設定檔"
"Run Profile in Popup","在彈出窗口內運行設定檔"
"Running... Kill","正在運行...結束"
"SKU","SKU"
"SKU:","SKU："
"SSL Error: Invalid or self-signed certificate","SSL錯誤：無效的或自簽名的證書"
"Sales","銷售"
"Sales Report","銷售報告"
"Samples","樣本"
"Save","保存"
"Save & Generate","保存並生成"
"Save Account","保存帳戶"
"Save Cache Settings","保存緩存設置"
"Save Config","保存配置"
"Save Currency Rates","保存匯率"
"Save Profile","保存設定檔"
"Save Role","保存角色"
"Save Template","保存範本"
"Save User","保存用戶"
"Save and Continue Edit","保存並繼續編輯"
"Search","搜索"
"Search Index","搜索索引"
"Search Term","搜索條件"
"Search Terms","搜索條件"
"Select","選擇"
"Select All","全選"
"Select Category","選擇分類"
"Select Date","選擇日期"
"Select Range","選擇範圍"
"Select date","選擇日期"
"Selected allowed currency ""%s"" is not available in installed currencies.","所選的允許幣種 ""%s"" 不屬於可使用幣種。"
"Selected base currency is not available in installed currencies.","已按裝的匯率中無法按照匯率進行選擇。"
"Selected default display currency is not available in allowed currencies.","允許的幣種中部允許選擇預設顯示的幣種。"
"Selected default display currency is not available in installed currencies.","已安裝的匯率無法選擇預設顯示的幣種。"
"Self-assigned roles cannot be deleted.","無法選擇自分配角色。"
"Sender","發送方"
"Separate Email","單獨的郵件"
"Shipment #%s comment added","運單 #%s添加了評論"
"Shipment #%s created","運單 #%s已建立"
"Shipment Comments","運單評論"
"Shipment History","運送歷史"
"Shipments","發貨"
"Shipping","運送"
"Shipping Address","送貨地址"
"Shipping Address: ","送貨地址："
"Shipping Origin","送貨源頭"
"Shipping Price","運費"
"Shipping address selection is not applicable","所選送貨地址不可用"
"Shipping method must be specified.","必須指定運送方法。"
"Shipping method selection is not applicable","所選送貨方法不可用"
"Shopping Cart","購物車"
"Shopping Cart Price Rules","購物車價格規則"
"Shopping Cart from %s","%s 的購物車"
"Show By","顯示條件"
"Show Report For:","報告顯示為："
"Show Reviews","顯示評測"
"Sitemap Information","網站地圖資訊"
"Size for %s","%s的大小"
"Skip Category Selection","跳過分類的選擇"
"Some items in this order have different invoice and shipment types. You can create shipment only after the invoice is created.","該訂單中的某些項目具有不同的發票和送貨類型。您只能在建立發票後建立運單。"
"Some of the ordered items do not exist in the catalog anymore and will be removed if you try to edit the order.","訂購的某些商品已經不再包含在分類中，如果嘗試修改訂單，將會被刪除。"
"Sorry, this feature is coming soon...","對不起，該功能尚未發布..."
"Special Price:","特價："
"Specific Countries","指定國家"
"Specified","已指定"
"Specified profile does not exist.","指定的設定檔不存在。"
"Spreadsheet Name:","表格名稱："
"Start Date","開始日期"
"Starting profile execution, please wait...","開始執行設定檔，請稍候..."
"State/Province:","州/省："
"Static Blocks","靜態塊"
"Status","狀態"
"Status:","狀態："
"Stock Quantity:","存貨數量："
"Stock notification was saved.","庫存通知已保存。"
"Store","商店"
"Store Email Addresses Section","店舖郵件地址區域"
"Store View","店舖視圖"
"Store:","店舖"
"Stores","店舖"
"Subject","主題"
"Submit","提交"
"Subpackage cannot be conflicting.","子包不能衝突。"
"Subtotal","小計"
"Switch/Solo card issue number: %s","Switch/Solo card issue number: %s"
"Switch/Solo card start Date: %s/%s","Switch/Solo card start Date: %s/%s"
"Switch/Solo/Maestro Only","僅限 Switch/Solo/Maestro"
"Switch/Solo/Maestro(UK Domestic) Only","Switch/Solo/Maestro(UK Domestic) Only"
"Switch/Solo/Maestro(UK Domestic) card issue number: %s","Switch/Solo/Maestro(UK Domestic) card issue number: %s"
"Switch/Solo/Maestro(UK Domestic) card start Date: %s/%s","Switch/Solo/Maestro(UK Domestic) card start Date: %s/%s"
"Symbol","符號"
"Synchronization is required.","需要進行同步。"
"Synchronization of media storages has been successfully completed.","媒體存儲的同步已經成功完成。"
"Synchronize","同步"
"Synchronizing %s to %s","同步 %s 到 %s"
"Synchronizing...","正在同步..."
"System","系統"
"System Section","系統區域"
"System busy","系統忙碌"
"Tags","標籤"
"Target Path","目標路徑"
"Tax","傳真"
"Tb","Tb"
"Template","範本"
"Template Content","範本內容"
"Template Information","範本資訊"
"Template Name","範本名稱"
"Template Styles","範本風格"
"Template Subject","範本主題"
"Template Type","範本類型"
"Temporary (302)","臨時（302）"
"Terms and Conditions","條款和條件"
"Text","文字"
"The Catalog Rewrites were refreshed.","該分類重寫已重建。"
"The CatalogInventory Stock Status has been rebuilt.","CatalogInventory庫存狀態已重建。"
"The Comment Text field cannot be empty.","該評論文本框不能為空。"
"The Flat Catalog Product was rebuilt","Flat分類產品已重建"
"The JavaScript/CSS cache has been cleaned.","JavaScript/CSS緩存已清空。"
"The JavaScript/CSS cache has been cleared.","JavaScript/CSS 緩存已被清空。"
"The Layered Navigation indexing has been queued.","分層導航索引已排入隊列。"
"The Layered Navigation indexing queue has been canceled.","分層導航索引隊列已被刪除。"
"The Layered Navigation indices were refreshed.","層次式導航目錄已恢復。"
"The Layered Navigation process has been queued to be killed.","已排入隊列的分層導航進程將被中止。"
"The Magento cache storage has been flushed.","Magento緩存存儲已清理。"
"The URL Rewrite has been deleted.","URL 重寫已被刪除。"
"The URL Rewrite has been saved.","URL 重寫已保存。"
"The account has been saved.","帳戶已保存。"
"The archive can be uncompressed with <a href=""%s"">%s</a> on Windows systems","Windows系統下存檔的解壓縮可使用 <a href="" %s""="">%s</a>"
"The attribute set has been removed.","屬性集已刪除。"
"The backup's creation process will take time.","建立備份的過程中，將需要一段時間。"
"The billing agreement has been canceled.","賬單協議已被取消。"
"The billing agreement has been deleted.","記賬協議已刪除。"
"The cache storage has been flushed.","緩存存儲已清理。"
"The carrier needs to be specified.","需要指定承運人。"
"The catalog index has been rebuilt.","分類索引已重建。"
"The catalog rewrites have been refreshed.","分類重寫已恢復。"
"The configuration has been saved.","配置已保存。"
"The credit memo has been canceled.","貸項憑單已被取消。"
"The credit memo has been created.","信用記錄已建立。"
"The credit memo has been voided.","貸項憑單已作廢。"
"The custom variable has been deleted.","自定變數已刪除。"
"The custom variable has been saved.","自定變數已保存。"
"The customer has been deleted.","客戶已被刪除。"
"The customer has been saved.","客戶已保存。"
"The design change has been deleted.","設計變動已刪除。"
"The design change has been saved.","設計變更已保存。"
"The email address is empty.","電子郵件地址為空。"
"The email template has been deleted.","電子郵件模版已被刪除。"
"The email template has been saved.","郵件範本已保存。"
"The flat catalog category has been rebuilt.","平面目錄類別已重建。"
"The group node name must be specified with field node name.","群組節點名稱並需以域節點名稱指定。"
"The image cache was cleaned.","圖片緩存已被清空。"
"The image cache was cleared.","圖像緩存已清理。"
"The invoice and shipment have been created.","發票與運送已建立。"
"The invoice and the shipment  have been created. The shipping label cannot be created at the moment.","發票與運送已建立。目前無法更改發貨標籤。"
"The invoice has been canceled.","發票已被取消。"
"The invoice has been captured.","發票已被捕獲。"
"The invoice has been created.","發票已建立。"
"The invoice has been voided.","發票已作廢。"
"The invoice no longer exists.","清單不存在。"
"The item %s (SKU %s) does not exist in the catalog anymore.","%的項目（SKU的%）不存在的目錄了。"
"The order does not allow creating an invoice.","該訂單不允許建立發票。"
"The order no longer exists.","該訂單已不存在。"
"The poll has been deleted.","調查已被刪除。"
"The poll has been saved.","調查已保存。"
"The profile has been deleted.","個人資料已被刪除。"
"The profile has been saved.","個人資料已保存。"
"The profile has been updated.","個人資料已更新。"
"The profile has no changes.","個人資料無變化。"
"The profile you are trying to save no longer exists","您嘗試保存的設定檔不存在"
"The rating has been deleted.","評級已被刪除。"
"The rating has been saved.","評級已保存。"
"The role has been deleted.","角色已被刪除。"
"The role has been saved.","角色已保存。"
"The role has been successfully saved.","角色已成功保存。"
"The search index has been rebuilt.","搜索索引已重建。"
"The shipment has been created.","貨物已被建立。"
"The shipment has been sent.","貨物已發送。"
"The shipping label has been created.","已建立裝運標籤。"
"The tag has been deleted.","標籤已被刪除。"
"The tag has been saved.","標籤已保存。"
"The transaction details have been updated.","已更新的交易細節。"
"The user has been deleted.","用戶已被刪除。"
"The user has been saved.","用戶已保存。"
"Themes JavaScript and CSS files combined to one file.","主題 JavaScript 和 CSS 文件已合併為單個文件。"
"There is an error in one of the option rows.","選項行之一出現錯誤。"
"This Account is","該賬戶為"
"This Email template no longer exists.","電子郵件範本已不存在。"
"This Role no longer exists","該角色已不存在"
"This Role no longer exists.","該角色已不存在。"
"This account is","該帳戶為"
"This account is inactive.","該賬戶未被激活。"
"This action cannot be undone.","此操作不可撤消。"
"This attribute set does not have attributes which we can use for configurable product","該屬性集不具有我們可用于可配置產品的屬性"
"This attribute shares the same value in all the stores","該屬性在所有商店中共享同樣的數值"
"This is a demo store. Any orders placed through this store will not be honored or fulfilled.","這是一個演示商店。任何在此商店下的訂單將無法被兌現或履行。"
"This is a required field.","這是必填區域。"
"This product is currently disabled.","該產品當前已被禁用。"
"This report depends on timezone configuration. Once timezone is changed, the lifetime statistics need to be refreshed.","該報告取決于時區配置。一旦時區發生變更，有效期統計數據即需要被重新整理。"
"This section is not allowed.","該單元不被允許。"
"This user no longer exists.","該用戶已不存在。"
"Time","時間"
"Time selection:","時間選擇："
"Time:","時間："
"Timeout limit for response from synchronize process was reached.","同步操作中的響應超時限制已達到。"
"To","發送至"
"To cancel pending authorizations and release amounts that have already been processed during this payment, click Cancel.","要取消掛起的授權，並釋放支付過程中已經被處理的授權，請點擊取消。"
"To use PayPal Payflow Link, you must configure your PayPal Payflow Link account on the PayPal website.","使用PayPal Payflow鏈接，您必須配置您的PayPal貝寶網站上Payflow連結帳戶。"
"To use PayPal Payments Advanced, you must configure  your PayPal Payments Advanced account on the PayPal website.","使用先進的PayPal付款，你必須配置你的PayPal付款高級PayPal網站上的帳戶。"
"Toggle Editor","切換編輯器"
"Tools","工具"
"Top 5 Search Terms","前五位搜索條件"
"Total","總數"
"Total Invoiced","發票總量"
"Total Order Amount","訂單總數量"
"Total Refunded","退款總量"
"Total of %d record(s) have been deleted.","總共%d記錄已被刪除。"
"Total of %d record(s) have been updated.","總共%d記錄已被更新。"
"Total of %d record(s) were canceled.","總共取消了 %d 條記錄。"
"Total of %d record(s) were deleted","共刪除%d的記錄（S）"
"Total of %d record(s) were deleted.","共有%d的記錄（S）已被刪除。"
"Total of %d record(s) were updated","%d的記錄（S）共更新"
"Total of %d record(s) were updated.","共有%d的記錄（S）進行了更新。"
"Track Order","追蹤訂單"
"Track this shipment","追蹤該運單"
"Tracking number %s for %s assigned","為%s分配的追蹤號 %s"
"Tracking number cannot be empty.","追蹤號不能為空。"
"Transaction Data","交易數據"
"Transaction Details","交易詳情"
"Transaction ID","交易ID"
"Transaction Type","交易類型"
"Transactional Emails","交易郵件"
"Transactions","交易"
"Try Magento Go for Free","免費試用Magento Go"
"Type","類型"
"Type:","類型："
"URL Rewrite","URL重寫"
"URL Rewrite Information","URL重寫資訊"
"URL Rewrite Management","URL重寫管理"
"Unable to cancel the credit memo.","無法取消信用記錄。"
"Unable to find a Email Template to delete.","無法找到要刪除的郵件範本。"
"Unable to find a poll to delete.","無法找到要刪除的投票。"
"Unable to find a tag to delete.","無法找到要刪除的標籤。"
"Unable to find a user to delete.","無法找到要刪除的用戶。"
"Unable to initialize import model","無法初始化滙入模塊。"
"Unable to refresh lifetime statistics.","無法重新整理有效期狀態。"
"Unable to refresh recent statistics.","無法重新整理最新狀態。"
"Unable to save Cron expression","Unable to save Cron expression"
"Unable to save the cron expression.","無法保存Cron表達式。"
"Unable to save the invoice.","無法保存該發票。"
"Unable to send the invoice email.","無法發送發票郵件。"
"Unable to send the shipment email.","無法發送運送郵件。"
"Unable to update transaction details.","無法更新交易細節。"
"Unable to void the credit memo.","無法避免信用記錄。"
"Unknown","未知"
"Unlimited","無限"
"Update","更新"
"Updated At","更新於"
"Upload File","上傳文件"
"Upload Files","上傳文件"
"Upload HTTP Error","上傳HTTP錯誤"
"Upload I/O Error","上傳I/O錯誤"
"Upload Security Error","上傳安全錯誤"
"Upload import file","上傳滙入文件"
"Uploaded file is larger than %.2f kilobytes allowed by server","上傳的文件是比服務器允許的%.2 f千字節"
"Use All Available Attributes","使用全部可用屬性"
"Use Config Settings","使用預設值"
"Use Default","使用預設值"
"Use Default Value","使用預設值"
"Use Default Variable Values","使用預設變數值"
"Use FTP Connection","使用FTP連接"
"Use Website","使用網站"
"Used Currently For","當前用于"
"Used as Default For","用作預設值"
"User Email","用戶郵件"
"User ID","用戶ID"
"User Info","用戶資訊"
"User Information","用戶資訊"
"User Name","用戶名"
"User Name is required field.","用戶名是必要欄位。"
"User Name:","用戶名："
"User Password","用戶密碼"
"User Role","用戶角色"
"User Roles","用戶角色"
"User Roles Information","用戶角色資訊"
"User Type Resources","用戶類型資源"
"User name","用戶名"
"Users","用戶"
"VAT Number is Invalid","增值稅號碼是無效的"
"VAT Number is Valid","增值稅號碼是有效的"
"Validation Results","驗證結果"
"Value","值"
"Value Delimiter:","值界定符："
"Variable","變數"
"Variable Code","變數代碼"
"Variable HTML Value","變數HTML值"
"Variable ID","變數ID"
"Variable Name","變數名稱"
"Variable Plain Value","變數平面值"
"Verifier code: %s","驗證碼：%S"
"View Actions XML","查看操作XML"
"View Full Size","查看完整尺寸"
"View Memo","查看記錄"
"View Memo for #%s","查看 #%s的記錄"
"View Shipment","查看運送"
"View Statistics For:","查看統計："
"Visibility:","可見性："
"Warning","警告"
"Warning! Empty value can cause problems with CSV format.","警告！空值將導致CSV格式出問題。"
"Warning!\r\nThis action will remove this user from already assigned role\r\nAre you sure?","警告！\r\n該操作會將用戶從已分配的角色中刪除\r\n是否繼續？"
"Warning!\r\nThis action will remove those users from already assigned roles\r\nAre you sure?","警告！\r\n該操作將從已分配的角色中將這些用戶刪除\r\n您是否真要這樣做？"
"Warning: Please do not close the window during importing/exporting data","警告：請不要在滙入/滙出數據過程中關閉該窗口"
"Watermark File for %s","%s的水印文件"
"We appreciate our merchants\' feedback, please <a href=""#"" onclick=""surveyAction(\'yes\'); return false;"">take our survey</a> to provide insight on the features you would like included in Magento. <a href=""#"" onclick=""surveyAction(\'no\'); return false;"">Remove this notification</a>","我們要感謝所用的銀行\' 若有反饋，請 <a href="" #""="">參與我們的調查</a> 以便告訴我們您希望在以後的Magento中看到哪些新功能。 <a href="" #""="">刪除該通知</a>"
"We\'re in our typing table, coding away more features for Magento. Thank you for your patience.","我們正在辛苦工作中，為Magento添加更多功能。感謝您的耐心。"
"Web Section","Web區域"
"Web Services","Web服務"
"Web services","Web服務"
"Website","網站"
"What is this?","這是什麼？"
"Wishlist Report","願望清單報告"
"Wishlist item is not loaded.","願望清單項編號未被載入。"
"Wrong account specified.","指定了錯誤的帳戶。"
"Wrong billing agreement ID specified.","指定的記賬協議ID有誤。"
"Wrong column format.","欄格式有誤。"
"Wrong newsletter template.","錯誤的新聞郵件範本。"
"Wrong quote item.","引用項有誤。"
"Wrong tab configuration.","選項卡配置有誤。"
"Wrong tag was specified.","指定的選項卡有誤。"
"Wrong transaction ID specified.","指定的交易ID有誤。"
"XML","XML"
"XML data is invalid.","XML數據無效。"
"XML object is not instance of ""Varien_Simplexml_Element"".","XML對象並非""Varien_Simplexml_Element""的實例。"
"YTD","YTD"
"Year","年"
"Yes","是"
"Yes (301 Moved Permanently)","是（301 永久移動）"
"Yes (302 Found)","是（302找到）"
"Yes (only price with tax)","是（只顯示含稅價格）"
"You cannot delete your own account.","您無法刪除自己的帳戶。"
"You have %s unread message(s).","您有 %s 封未讀郵件。"
"You have %s unread message(s). <a href=""%s"">Go to messages inbox</a>.","你有%s的未讀消息（S）。<a href="" %s""="">消息收件箱</a>。"
"You have %s, %s and %s unread messages. <a href=""%s"">Go to messages inbox</a>.","你有%s%s和%s的未讀消息。<a href="" %s""="">消息收件箱</a>。"
"You have logged out.","您已註銷。"
"You have not enough permissions to use this functionality.","您沒有使用該功能所需的足夠權限。"
"You must have JavaScript enabled in your browser to utilize the functionality of this website.","您必須在瀏覽器中啟用JavaScript才能使用本網站的功能。"
"You need to specify order items.","您必須指定訂單項。"
"You will need to wait when the action ends.","你將需要等待的動作結束時。"
"Your answers contain duplicates.","您的回答包含重複內容。"
"Your password has been updated.","你的密碼已被更新。"
"Your password reset link has expired.","密碼重設連結已經過期。"
"Your server PHP settings allow you to upload files not more than %s at a time. Please modify post_max_size (currently is %s) and upload_max_filesize (currently is %s) values in php.ini if you want to upload larger files.","您的伺服器PHP設置使您可以同時上傳不超過 %s 文件。如果想上傳大文件，請修改php.ini文件中的 post_max_size （當前為 %s）與 upload_max_filesize （當前為 %s）值。"
"Your web server is configured incorrectly. As a result, configuration files with sensitive information are accessible from the outside. Please contact your hosting provider.","您的Web伺服器配置有誤。因此，包含敏感資訊的設定檔將能從外部訪問。請聯繫您的主機託管商。"
"Zip/Postal Code","郵政編碼"
"Zip/Postal Code:","郵編："
"[ deleted ]","[已刪除]"
"[GLOBAL]","[全局]"
"[STORE VIEW]","[店舖視圖]"
"[WEBSITE]","[網站]"
"b","b"
"close","關閉"
"critical","重要"
"example: ""sitemap/"" or ""/"" for base path (path must be writeable)","例如： ""sitemap/"" 或 ""/"" 可代表路徑根（路徑必須可寫）"
"example: sitemap.xml","例如：sitemap.xml"
"failed","失敗"
"from","來自"
"major","主要"
"minor","次要"
"notice","注意"
"store(%s) scope","店舖 （%s）範圍"
"successful","成功"
"to","至"
"website(%s) scope","網站（%s）範圍"
"{{base_url}} is not recommended to use in a production environment to declare the Base Unsecure URL / Base Secure URL. It is highly recommended to change this value in your Magento <a href=""%s"">configuration</a>.","不建議在生產環境中使用 {{base_url}} 檢測 Base Unsecure URL / Base Secure URL。強烈建議在您的 Magento <a href="" %s""="">配置</a>中更改該值。"