" The customer does not exist in the system anymore."," Müşteri artık sistemde değil."
" [deleted]"," [silindi]"
" and "," ve "
"%s (Default Template from Locale)","%s (Yerelleştirme klasöründeki Varsayılan Şablon)"
"%s cache type(s) disabled.","%s önbellek tip(ler)i iptal edildi."
"%s cache type(s) enabled.","%s önbellek tip(ler)i aktifleştirildi."
"%s cache type(s) refreshed.","%s önbellek tip(ler)i tazelendi."
"(For Type ""Local Server"" need to use relative path to Magento install var/export or var/import, e.g. var/export, var/import, var/export/some/dir, var/import/some/dir)","(""Yerel Sunucu"" seçeneği için Magento kurulumunun içindeki var/export veya var/import şeklindeki bir klasörü veriniz. Örnek: var/export, var/import, var/export/ornek/klasor, var/import/ornek/klasor) gibi"
"(For US 2-letter state names)","(A.B.D. için 2 harfli eyalet kodları)"
"(If left empty will be auto-generated)","(Eğer boş kaldıysa otomatik olarak oluşturulacak)"
"(Leave empty for first spreadsheet)","(İlk sayfa için boş bırakınız)"
"(Products will be added/updated to this store if 'store' column is blank or missing in the import file.)","(Veri alınan dosyada 'store' (ürünün ait olduğu mağaza) veri alanı boş ise ürünler buraya eklensin.)"
"(Shift-)Click or drag to change value","Değeri değiştirmek için (Shift-)Tıklayarak veya sürükleyiniz"
"(Starting with)","(.. ile başlayan)"
"(When 'No', only mapped fields will be imported. When mapping, use 'column1', 'column2', etc.)","('Hayır' seçtiğinizde, sadece eşleştirilmiş alanların verisi alınacak. Eşleştirme yaparken, 'column1', 'column2', şeklinde alan (kolon) adları kullanın.)"
"(You have to increase php memory_limit before changing this value)","(Bu değeri değiştirmeden önce php memory_limit değerini artırınız)"
"(\\t for tab)","(Sekme için \\t kullanınız)"
"* - If indexing is in progress, it will be killed and new indexing process will start.","* - Eğer indeksleme çalışıyorsa durdurulacak ve yeniden başlatıldı."
"* Required Fields","* Zorunlu Alanlar"
"- Click on any of the time parts to increase it","- Artırmak için herhangi bir zaman dilimine tıklayınız"
"- Hold mouse button on any of the above buttons for faster selection.","- Hızlı seçim yapmak için fare tuşunu basılı tutunuz."
"- Use the %s buttons to select month","- Ay seçmek için %s butonlarını kullanınız"
"- Use the %s, %s buttons to select year","- Yıl seçmek için %s butonlarını kullanınız"
"- or Shift-click to decrease it","Değeri azaltmak için - veya Shift-Tık kullanınız"
"- or click and drag for faster selection.","Hızlı seçim yapmak için - veya fare tuşuna tıklayıp sürükleyiniz."
"-- Not Selected --","-- Seçilmedi --"
"-- Please Select --","-- Lütfen Seçiniz --"
"-- Please Select Billing Agreement--","-- Lütfen Ödeme Anlaşmasını Seçiniz --"
"-- Please Select a Category --","-- Lütfen bir Kategori Seçiniz --"
"-- Please select --","-- Lütfen Seçiniz --"
"--Please Select--","-- Lütfen Seçiniz --"
"1 Hour","1 Saat"
"12 Hours","12 Saat"
"12h AM/PM","12saat ÖÖ/ÖS"
"2 Hours","2 Saat"
"24 Hours","24 Saat"
"24h","24saat"
"2YTD","Son 1 Yıl"
"6 Hours","6 Saat"
"<h1 class=""page-heading"">404 Error</h1><p>Page not found.</p>","<h1 class=""page-heading"">404 Hatası</h1><p>Sayfa Bulunamadı.</p>"
"<strong>%s</strong> requests access to your account","<strong>%s</strong> hesabınıza erişmek istiyor"
"<strong>Attention</strong>: Captcha is case sensitive.","<strong>Attention</strong>: Resim onayı büyük/küçük harfe duyarlıdır."
"A user with the same user name or email aleady exists.","Aynı e-mail adresiyle kaydolmuş bir müşteri zaten var."
"API Key","API Anahtarı"
"API Key Confirmation","API Anahtarı Onayı"
"ASCII","ASCII"
"Abandoned Carts","Terkedilen Sepetler"
"About the calendar","Takvim hakkında"
"Access Denied","Erişim engellendi"
"Access denied","Erişim engellendi"
"Access denied.","Erişim engellendi."
"Account Created in:","Hesap Oluşturulduğu Mağaza :"
"Account Created on (%s):","Hesap Oluşturulma Tarihi (%s):"
"Account Created on:","Hesap Oluşturulma Tarihi :"
"Account Information","Hesap Bilgisi"
"Account Status","Hesap Durumu"
"Account status","Hesap durumu"
"Action","İşlem"
"Actions","İşlemler"
"Actions XML","İşlem XML Dosyası"
"Active","Aktif"
"Add","Ekle"
"Add Exception","İstisna Ekle"
"Add Field Mapping","Alan Eşlemesi Ekle"
"Add Field with URL:","Adres ile bir Alan Ekle:"
"Add New","Yeni Ekle"
"Add New Image","Resim Ekle"
"Add New Profile","Profil Ekle"
"Add New Role","Yetki Sınıfı Ekle"
"Add New Template","Tema Ekle"
"Add New URL Rewrite","Adres Yeniden Yazımı Ekle"
"Add New User","Kullanıcı Ekle"
"Add New Variable","Değişken Ekle"
"Add Products","Ürün Ekle"
"Add URL Rewrite","Adres Yeniden Yazımı Ekle"
"Add URL Rewrite for a Category","Kategori için Adres Yeniden Yazımı Ekle"
"Add URL Rewrite for a Product","Ürün için Adres Yeniden Yazımı Ekle"
"Add after","Sonra Ekle"
"Additional Cache Management","Ek Önbellek Yönetimi"
"Address Type:","Adres Tipi:"
"Admin","Yönetici"
"Advanced Admin Section","Gelişmiş Yönetici Bölümü"
"Advanced Profiles","Gelişmiş Profiller"
"Advanced Section","Gelişmiş Bölüm"
"After authorization application will have access to you account.","Kimlik onayından sonra uygulama hesabınıza erişecek."
"All","Hepsi"
"All Allowed Countries","Bütün İzin Verilen Ülkeler"
"All Cache","Tüm Önbellek"
"All Files","Bütün Dosyalar"
"All Reviews","Tüm Yorumlar"
"All Store Views","Tüm Mağaza Görünümleri"
"All Tags","Tüm Etiketler"
"All Websites","Tüm Siteler"
"All countries","Tüm ülkeler"
"All fields","Tüm alanlar"
"All possible rates were fetched, please click on ""Save"" to apply","Kullanılabilir bütün oranlar alındı, ""Kaydet"" tuşuna basarak uygulayabilirsiniz"
"All rates were fetched, please click on ""Save"" to apply","Bütün oranlar alındı, ""Kaydet"" tuşuna basarak uygulayabilirsiniz"
"All valid rates have been saved.","Bütün geçerli oranlar kaydedildi."
"Always (during development)","Her zaman (geliştirme süresince)"
"Amounts","Toplam Tutarlar"
"An error has occured while syncronizing media storages.","Medya Depoları senkronize edilirken sorun oluştu."
"An error occurred while clearing the JavaScript/CSS cache.","JavaScript/CSS önbelleği temizlenirken bir sorun oluştu."
"An error occurred while clearing the image cache.","Resim önbelleği temizlenirken bir sorun oluştu."
"An error occurred while deleting URL Rewrite.","Adres Yeniden Yazımı silinirken sorun oluştu."
"An error occurred while deleting email template data. Please review log and try again.","E-mail şablon verisi silinirken bir sorun oluştu. Lütfen gözden geçirip tekrar deneyiniz."
"An error occurred while deleting record(s).","Kayıt(lar) silinirken hata oluştu."
"An error occurred while deleting this role.","Bu rol silinirken bir sorun oluştu."
"An error occurred while deleting this set.","Bu set silinirken bir sorun oluştu."
"An error occurred while deleting this template.","Bu şablon silinirken bir sorun oluştu."
"An error occurred while finishing process. Please refresh the cache","İşlem sonlandırılırken bir sorun oluştu. Önbelleği yenileyiniz"
"An error occurred while rebuilding the CatalogInventory Stock Status.","KatalogEnvanteri Stok Durumu yeniden oluşturulurken bir sorun oluştu."
"An error occurred while rebuilding the catalog index.","Katalog indeksi yeniden oluşturulurken bir sorun oluştu."
"An error occurred while rebuilding the flat catalog category.","Düz kategori indeksi oluşturulurken bir sorun oluştu."
"An error occurred while rebuilding the flat product catalog.","Düz ürün indeksi oluşturulurken bir sorun oluştu."
"An error occurred while rebuilding the search index.","Arama indeksi oluşturulurken bir sorun oluştu."
"An error occurred while refreshing the Catalog Rewrites.","Katalog Adres Yeniden Yazımı yenilenirken bir sorun oluştu."
"An error occurred while refreshing the Layered Navigation indices.","Katmanlı Gezinme indisleri yenilenirken bir sorun oluştu."
"An error occurred while refreshing the catalog rewrites.","Katalog Adres Yeniden Yazımı yenilenirken bir sorun oluştu."
"An error occurred while refreshing the layered navigation indices.","Katmanlı Gezinme indisleri yenilenirken bir sorun oluştu."
"An error occurred while saving URL Rewrite.","Adres Yeniden Yazımı kaydedilirken sorun oluştu."
"An error occurred while saving account.","Hesap kaydedilirkeb bir sorun oluştu."
"An error occurred while saving review.","Yorum kaydedilirken sorun oluştu."
"An error occurred while saving the customer.","Müşteri kaydedilirken bir sorun oluştu."
"An error occurred while saving this configuration:","Bu ayar kaydedilirken bir sorun oluştu:"
"An error occurred while saving this role.","Bu rol kaydedilirken bir sorun oluştu."
"An error occurred while saving this template.","Bu şablon kaydedilirken bir sorun oluştu."
"An error occurred while updating the selected review(s).","Seçili yorumlar güncellenirken bir sorun oluştu."
"Any","Herhangi Biri"
"Any Attribute Set","Herhangi bir Özellik Seti"
"Any Group","Herhangi bir Grup"
"Any Status","Herhangi bir Durum"
"Any Store","Herhangi bir Mağaza"
"Any Type","Herhangi bir Tip"
"Any Visibility","Herhangi bir Görünüm"
"Any data created since the backup was made will be lost including admin users, customers and orders.","Yedekleme esnasında oluşan yeni veriler yedeklemeye dahil olmayacaktır."
"Archive file name:","Arşiv dosya adı:"
"Are you sure that you want to delete this template?","Bu temayı silmek istediğinizden emin misiniz ?"
"Are you sure that you want to strip tags?","Etiketleri görmezden gelmek istediğinizden emin misiniz ?"
"Are you sure you want to do this?","Bunu yapmak istediğinizden emin misiniz?"
"Are you sure you want to proceed?","İşleme devam etmek istiyor musunuz ?"
"Area","Alan"
"As low as:","En düşük :"
"Assigned","Eşleştirildi"
"Associated Tags","Eşleştirilen Kelimeler"
"Attribute Set Name:","Özellik Seti Adı :"
"Attributes","Özellikler"
"Authorization confirmed","Kimlik onay tamamlandı"
"Authorize","Kimlik Onayla"
"Authorize application","Uygulamaya onay ver"
"Authorized OAuth Tokens","Onaylanmış Oauth Dizgeleri"
"Automatic (equalize price ranges)","Otomatik (fiyat aralıklarını eşitle)"
"Automatic (equalize product counts)","Otomatik (ürün sayılarını eşitle)"
"Average Order Amount","Sipariş Toplamı Ortalaması"
"Average Orders","Sipariş Başı Ortalama Toplam"
"BINARY","BINARY"
"Back","Geri"
"Back to Login","Giriş Sayfasına Dön"
"Backup","Yedek"
"Backup Name","Yedek Adı"
"Backup options","Yedek seçenekleri"
"Backups","Yedekler"
"Base currency","Ana Para Birimi"
"Bcc","Bcc"
"Bestsellers","En Çok Satanlar"
"Billing Address","Fatura Adresi"
"Billing Address: ","Fatura Adresi : "
"Billing Agreement","Ödeme Sözleşmesi"
"Billing Agreements","Ödeme Sözleşmeleri"
"Block Information","Blok Bilgisi"
"Both (without and with tax)","İkisi (Vergisiz ve vergi dahil)"
"Both IPN and PDT","IPN ve PDT"
"Browse Files...","Dosyaları Tara..."
"Bundle with dynamic pricing cannot include custom defined options. Options will not be saved.","Dinamik fiyatlandırma ile ek ürün, özel seçenek olarak eklenemez. Seçenekler kaydedilmeyecek."
"CMS","İçerik Yönetim Sistemi"
"CRITICAL","KRİTİK"
"CSV","CSV"
"CSV / Tab separated","CSV / Sekme ile ayrılmış"
"Cache Control","Önbellek Kontrolü"
"Cache Control (beta)","Önbellek Kontrolü (beta)"
"Cache Management","Önbellek Yönetimi"
"Cache Type","Önbellek Tipi"
"Cancel","İptal"
"Cannot add new comment.","Yeni yorum eklenemiyor."
"Cannot add tracking number.","İzleme numarası eklenemiyor."
"Cannot create an invoice without products.","Ürün olmadan fatura oluşturulamaz."
"Cannot create credit memo for the order.","Sipariş için cari fiş oluşturulamadı."
"Cannot delete the design change.","Tasarım değişimi silinemedi."
"Cannot delete tracking number.","İzleme numarası silinemedi."
"Cannot do shipment for the order separately from invoice.","Sipariş için faturadan ayrı kargo fişi oluşturulamıyor."
"Cannot do shipment for the order.","Sipariş için kargo fişi oluşturulamıyor."
"Cannot initialize shipment for adding tracking number.","İzleme numarası eklemek için kargo fişi verisi okunamadı."
"Cannot initialize shipment for delete tracking number.","İzleme numarası silmek için kargo fişi verisi okunamadı."
"Cannot load track with retrieving identifier.","Onaylayıcı ile izleme bilgisi yüklenemedi."
"Cannot retrieve tracking number detail.","İzleme numarası detayı alınamadı."
"Cannot save shipment.","Teslimat bilgisi kaydedilemedi."
"Cannot save the credit memo.","Müşteri alacak kaydı kaydedilemedi."
"Cannot send shipment information.","Teslimat bilgisi gönderilemedi."
"Cannot update item quantity.","Ürün adedi güncellenemedi."
"Cannot update the item\'s quantity.","Ürün adedi güncellenemedi."
"Card Verification Number","Card Verification Number"
"Catalog","Katalog"
"Catalog Price Rules","Katalog Fiyat Kuralları"
"Catalog Rewrites","Katalog Adres Yeniden Yazımı"
"Categories","Kategoriler"
"Category","Category"
"Category:","Kategori :"
"Chart is disabled. If you want to enable chart, click <a href=""%s"">here</a>.","İstatistik grafiği iptal edildi. Açmak için, <a href=""%s"">buraya tıklayınız</a>."
"Checkbox","Onay Kutusu"
"Child Transactions","Alt İşlemler"
"Choose Store View:","Mağaza Görünümü Seçiniz :"
"Choose an attribute","Özellik Seç"
"Chosen category does not associated with any website, so url rewrite is not possible.","Seçtiğiniz kategori hiç bir web sitesi ile ilişkilendirilmemiştir, adres yeniden yazımı yapılamaz."
"Chosen product does not associated with any website, so url rewrite is not possible.","Seçtiğiniz ürün hiç bir web sitesi ile ilişkilendirilmemiştir, adres yeniden yazımı yapılamaz."
"Clear","Temizle"
"Close","Kapat"
"Code","Code"
"Comment text field cannot be empty.","Yorum alanı boş bırakılamaz."
"Complete","Bitti"
"Config form fieldset clone model required to be able to clone fields","Alanların kopyalanabilmesi için ayar formu alan takımı kopyalama modeli gereklidir"
"Configuration","Ayarlar"
"Confirm New Password","Yeni Şifreyi Onayla"
"Confirm token authorization Pop Up for admin","Admin için yetkilendirme belirteç Penceresini onaylayın"
"Confirm token authorization for admin","Yönetim için doğrulama işaretini onaylayın"
"Confirmation Of Authorization","Kimlik Onayı"
"Confirmed email:","Doğrulanmış E-mail :"
"Connect with the Magento Community","Magento Topluluğu ile İrtibata Geç"
"Continue","Devam"
"Convert to Plain Text","Düz Metine Çevir"
"Cookie (unsafe)","Çerez (güvensiz)"
"Country","Ülke"
"Country:","Ülke:"
"Coupons","Kuponlar"
"Create","Oluştur"
"Create DB Backup","Veritabanı Yedeği Oluştur"
"Create New Attribute","Yeni Özellik Oluştur"
"Create URL Rewrite:","Adres Yeniden Yazımı ekle :"
"Created At","Oluşturulduğu Yer"
"Credit Card %s","Kredi Kartı %s"
"Credit Card Number","Credit Card Number"
"Credit Card Number: xxxx-%s","Credit Card Number: xxxx-%s"
"Credit Card Type","Credit Card Type"
"Credit Card Type: %s","Credit Card Type: %s"
"Credit Memo History","Alacak Kaydı Geçmişi"
"Credit Memo Totals","Alacak Kaydı Toplamları"
"Credit Memos","Müşteri Alacak Kaydı"
"Credit memo #%s comment added","Müşteri Alacak Kaydı #%s yorumu eklendi"
"Credit memo #%s created","Müşteri Alacak Kaydı #%s eklendi"
"Credit memo\'s total must be positive.","Müşteri Alacak Kaydının toplamı sıfırdan büyük olmalıdır."
"Currency","Para Birimi"
"Currency ""%s"" is used as %s in %s.","""%s"" dövizi %s olarak %s içinde kullanıldı."
"Currency Information","Para Birimi Bilgisi"
"Currency Setup Section","Para Birimi Ayarları Bölümü"
"Current Configuration Scope:","Mevcut Ayar Havuzu :"
"Current Month","Seçili ay"
"Custom","Özel"
"Custom Variable ""%s""","Özel Değişken ""%s"""
"Custom Variables","Özel Değişkenler"
"Customer","Müşteri"
"Customer Group:","Müşteri Grubu :"
"Customer Groups","Müşteri Grupları"
"Customer Name","Müşteri Adı"
"Customer Reviews","Müşteri Yorumları"
"Customer Shopping Carts","Müşteri Sepetleri"
"Customer Since:","Müşteri Geçmişi :"
"Customer Tax Classes","Müşteri Vergi Sınıfları"
"Customer with the same email already exists.","Aynı adla bir müşteri kaydı zaten var."
"Customers","Müşteriler"
"Customers by Number of Orders","Sipariş Sayısına Göre Müşteriler"
"Customers by Orders Total","Sipariş Toplamlarına Göre Müşteriler"
"DHTML Date/Time Selector","DHTML Tarih/Saat Seçici"
"Dashboard","Genel Bakış"
"Data Format","Veri Biçimi"
"Data transfer:","Veri Aktarımı :"
"Database","Veritabanı"
"Dataflow - Advanced Profiles","Dataflow - Gelişmiş Profiller"
"Dataflow - Profiles","Dataflow - Profiller"
"Date","Tarih"
"Date & Time","Tarih & Saat"
"Date Added","Eklenme Tarihi"
"Date Updated","Güncellenme Tarihi"
"Date selection:","Tarih Seçici :"
"Date selector","Tarih Seçici"
"Day","Gün"
"Decimal separator:","Ondalık Ayracı :"
"Default (Admin) Values","Varsayılan (Yönetici) Değerleri"
"Default Billing Address","Varsayılan Fatura Adresi"
"Default Config","Varsayılan Ayar"
"Default Template from Locale","Yerelleştirilmiş Varsayılan Tema"
"Default Values","Varsayılan Değerler"
"Default display currency ""%s"" is not available in allowed currencies.","Varsayılan para birimi ""%s"" izin verilen para birimleri arasında değil."
"Default scope","Varsayılan Aralık"
"Delete","Sil"
"Delete %s","Sil %s"
"Delete %s '%s'","Sil %s '%s'"
"Delete File","Dosya Sil"
"Delete Image","Resim Sil"
"Delete Profile","Profili Sil"
"Delete Role","Yetki Sınıfı Sil"
"Delete Store","Mağaza Sil"
"Delete Store View","Mağaza Gorunumünü Sil"
"Delete Template","Temayı Sil"
"Delete User","Kullanıcıyı Sil"
"Delete Website","Web Sitesini Sil"
"Description","Açıklama"
"Design","Tasarım"
"Design Section","Tasarım Bölümü"
"Details","Detaylar"
"Developer Section","Programcı Bölümü"
"Direction:","Yön :"
"Disable","İptal Et"
"Disabled","İptal Edildi"
"Display %s first","%s Göster"
"Display default currency","Ana para birimini göster"
"Distributed under GNU LGPL. See %s for details.","GNU LGPL Lisansı ile dağıtılmaktadır. Detaylar için : %s."
"Do you really want to KILL parallel process and start new indexing process?","Paralel işlemi sonlandırarak yeni bir indeksleme işlemi başlatmak istiyor musunuz ?"
"Do you really want to proceed?","Gerçekten işleme devam etmek istiyor musunuz ?"
"Download","İndir"
"Downloads","İndirmeler"
"Drag to move","Taşımak için sürükleyiniz"
"Drop-down","Açılır"
"Edit","Düzenle"
"Edit Design Change","Tasarım Değişimini Düzenle"
"Edit Email Template","Email Temasını Düzenle"
"Edit Order","Siparişi Düzenle"
"Edit Poll","Anket Düzenle"
"Edit Queue","Kuyruğu Düzenle"
"Edit Review","Yorumu Düzenle"
"Edit Role","Yetki Sınıfı Düzenle"
"Edit Store View","Mağaza Görünümü Düzenle"
"Edit System Template","Sistem Teması Düzenle"
"Edit Template","Tema Düzenle"
"Edit URL Rewrite","Adres Yeniden Yazımını Düzenle"
"Edit User","Kullanıcı Düzenle"
"Edit User '%s'","Kullanıcı Düzenle : '%s'"
"Edit Website","Web Sitesi Düzenle"
"Email","Email"
"Email Address:","Email Adresi :"
"Email Preview","Email Önizleme"
"Email to a Friend","Arkadaşına Gönder"
"Email:","Email:"
"Enable","Açık"
"Enabled","Aktif"
"Enclose Values In:","Değerleri Birleştir :"
"Entity Attributes","Ürün Özellikleri"
"Entity Type","Varlık Tipi"
"Entity type:","Varlık Tipi:"
"Error","Hata"
"Excel XML","Excel XML"
"Excl. Tax","Vergi Hariç"
"Exclude media folder from backup","Media klasörünü yedekten hariç tut"
"Expiration Date","Expiration Date"
"Expiration Date: %s/%s","Expiration Date: %s/%s"
"Export","Dışarı Veri Çıkar"
"Export CSV","Dışarı CSV Veri Çıkar"
"Export Filters","Veri Çıkarma Filtreleri"
"Export to:","Veri Hedefi :"
"Export:","Dışarı Veri Çıkar:"
"FTP Host","FTP Sunucu"
"FTP Host[:Port]","FTP Sunucu[:Port]"
"FTP Login","FTP Kullanıcı Adı"
"FTP Password","FTP Şifre"
"FTP credentials","FTP bilgileri"
"Failed","Failed"
"Failed to add a product to cart by id ""%s"".","Sepete ürün numarası ile ürün eklenirken sorun oluştu : ""%s""."
"Failed to cancel the billing agreement.","Ödeme sözleşmesi eklenirken sorun oluştu."
"Failed to clear the JavaScript/CSS cache.","JavaScript/CSS önbelleği temizlenirken sorun oluştu."
"Failed to delete the billing agreement.","Ödeme sözleşmesi silinirken sorun oluştu."
"Failed to update the profile.","Profil güncellenirken sorun oluştu."
"Field","Alan"
"Field Mapping","Alan Eşleştirme"
"File","Dosya"
"File Information","Dosya Bilgisi"
"File System","Dosya Sistemi"
"File mode","Dosya modu"
"File name:","Dosya Adı :"
"File size should be more than 0 bytes","Dosya boyutu 0 bayttan büyük olmalı"
"Finished profile execution.","Profil çalıştırma tamamlandı."
"First Invoice Created Date","İlk Fatura Oluşturulma Tarihi"
"First Name","Adı"
"First Name is required field.","Ad alanı boş bırakılamaz."
"First Name:","Adı :"
"Fixed","Sabit"
"Flush Catalog Images Cache","Katalog Resimleri Önbelleğini Temizle"
"Flush JavaScript/CSS Cache","JavaScript/CSS Önbelleğini Temizle"
"For category","Kategori için"
"For latest version visit: %s","Son sürüm için : %s"
"For product","Ürün için"
"Forgot Admin Password","Yönetici Şifremi Unuttum"
"Forgot your password?","Şifrenizi mi unuttunuz ?"
"Forgot your user name or password?","Kullanıcı adınızı veya şifrenizi mi unuttunuz ?"
"From","Baş."
"GLOBAL","GENEL"
"Gb","Gb"
"General Information","Genel Bilgi"
"General Section","Genel Bölüm"
"Get Image Base64","Base64 Resim Al"
"Get help for this page","Bu sayfa hakkında yardım al"
"Give the verifier code to application administrator","Uygulama yöneticisine onaylama kodu ver"
"Global Attribute","Genel Öznitelik"
"Global Record Search","Genel Arama"
"Global Search","Genel Arama"
"Go Today","Bugüne Git"
"Go to messages inbox","Mesaj Kutusuna Git"
"Go to notifications","Duyurular Sayfasına Git"
"Google Base","Google Base"
"Google Content","Google Content"
"Google Sitemaps","Google Site Haritaları"
"Grand Total","Genel Toplam"
"Grid (default) / List","Izgara (varsayılan) / Liste"
"Grid Only","Sadece Izgara"
"Group:","Grup:"
"Guest","Misafir"
"HTTP (unsecure)","HTTP (güvenliksiz)"
"HTTPS (SSL)","HTTPS (SSL)"
"Help Us Keep Magento Healthy - Report All Bugs","Magento'nun kaliteli kalmasına yardımcı olun - Bütün hataları bize bildirin"
"Helper attributes should not be used in custom layout updates.","Helper özellikleri özel tema değişikliklerinde kullanılmamalıdır."
"Helper for options rendering doesn't implement required interface.","Seçenekler için gerekli helper gereken arayüzü tamamlamıyor."
"Home","Ana Sayfa"
"ID","No"
"ID Path","ID Yolu"
"IP Address","IP Adresi"
"IPN (Instant Payment Notification) Only","Sadece IPN (Instant Payment Notification)"
"Id","Id"
"If there is an account associated with %s you will receive an email with a link to reset your password.","%s ile bağlantılı bir hesap varsa şifrenizi sıfırlamanız için size bir e-mail gönderilecek."
"If this message persists, please contact the store owner.","Bu mesajı almaya devam ederseniz site yetkilileri ile bağlantı kurunuz."
"If you do not specify an option value for a specific store view then the default (Admin) value will be used.","If you do not specify an option value for a specific store view then the default (Admin) value will be used."
"Images (.gif, .jpg, .png)","Resimler (.gif, .jpg, .png)"
"Images Cache","Resim Önbelleği"
"Import","Veri Al"
"Import Service","Veri Alma Hizmeti"
"Import and Export","Veri Alma ve Verme"
"Import and Export Tax Rates","Vergi Oranlarını Al / Ver"
"Import/Export","Veri Ver/Al"
"Import/Export Advanced","Gelişmiş Veri Al/Ver"
"Import/Export Profile","Veri Ver/Al Profili"
"Important: ","Önemli : "
"Imported <strong>%s</strong> records","<strong>%s</strong> kayıt alındı"
"In","Para"
"In Database:","Veritabanında :"
"In File:","Dosyada :"
"Inactive","Pasif"
"Incl. Tax","Vergi Dahil"
"Incoming Message","Gelen Mesaj"
"Insert Variable...","Değişken ekle..."
"Interactive","Etkileşimli"
"Interface Locale: %s","Arayüz Dili: %s"
"Invalid Form Key. Please refresh the page.","Hatalı Form Anahtarı. Lütfen sayfayı yenileyiniz."
"Invalid Import Service Specified","Hatalı veri alma servisi seçildi"
"Invalid POST data (please check post_max_size and upload_max_filesize settings in your php.ini file).","Hatalo POST verisi (Lütfen  php.ini dosyasındaki post_max_size ve upload_max_filesize ayarlarını kontrol ediniz)."
"Invalid Secret Key. Please refresh the page.","Invalid Secret Key. Lütfen sayfayı yenileyiniz."
"Invalid User Name or Password.","Hatalı kullanıcı adı veya şifre."
"Invalid directory: %s","Hatalı Klasör : %s"
"Invalid email address ""%s"".","Hatalı e-mail adresi ""%s""."
"Invalid email address.","Hatalı e-mail adresi."
"Invalid file: %s","Hatalı Dosya : %s"
"Invalid input data for %s => %s rate"," %s  için hatalı giriş verisi => %s "
"Invalid parent block for this block","Bu blok için hatalı üst blok"
"Invalid parent block for this block.","Bu blok için hatalı üst blok."
"Invalid password reset token.","Şifre sıfırlama anahtar kelimesi geçersiz."
"Invalid sender name ""%s"". Please use only visible characters and spaces.","Gönderici Adı hatalı ""%s"". Lütfen görünür karakterler ve boşluk dışında karakter kullanmayınız."
"Invalid timezone","Hatalı zaman dilimi"
"Invalidated","Geçersiz"
"Inventory Stock Status","Envanter Stok Durumu"
"Invoice #%s comment added"," #%s numaralı fatura için not eklendi"
"Invoice #%s created","#%s numaralı fatura oluşturuldu"
"Invoice History","Fatura Geçmişi"
"Invoice Totals","Fatura Toplamları"
"Invoice canceling error.","Fatura iptal etme hatası."
"Invoice capturing error.","Fatura tahsil etme hatası."
"Invoice voiding error.","Fatura iptal hatası."
"Invoices","Faturalae"
"Is Closed","Kapatıldı"
"Is Default","Is Default"
"Issue Number","Belge Numarası"
"Items","Ürünler"
"JavaScript seems to be disabled in your browser.","Tarayıcınız JavaScript desteklemiyor veya JavaScript desteği devre dışı."
"JavaScript/CSS","JavaScript/CSS"
"JavaScript/CSS Cache","JavaScript/CSS Önbelleği"
"Kb","Kb"
"Last 24 Hours","Son 24 Saat"
"Last 5 Orders","Son 5 Sipariş"
"Last 5 Search Terms","Son 5 Aranan Kelime"
"Last 7 Days","Son 7 Gün"
"Last Credit Memo Created Date","Son Müşteri Alacak Kaydı Oluşturulma Tarihi"
"Last Invoice Created Date","Son Fatura Oluşturulma Tarihi"
"Last Logged In (%s):","Son Giriş (%s):"
"Last Logged In:","Son Giriş :"
"Last Name","Soyad"
"Last Name is required field.","Soyadı alanı boş bırakılamaz."
"Last Name:","Soyad:"
"Last updated: %s. To refresh last day\'s <a href=""%s"">statistics</a>, click <a href=""%s"">here</a>.","Son güncellenme : %s. <a href=""%s"">İstatistikleri</a> son gününü güncellemek için , <a href=""%s"">buraya tıklayınız</a>."
"Latest Message:","Son Mesaj :"
"Layered Navigation Indices","Katmanlı Gezinme İndisleri"
"Layered Navigation Indices were refreshed.","Katmanlı Gezinme İndisleri güncellendi."
"Leave empty to use tax identifier","Vergi tanımlayıcısı kullanmak için boş bırakınız"
"Lifetime Sales","Bütün Satışlar"
"Lifetime statistics have been updated.","Tüm satışlar istatistiği güncellendi."
"Links","Bağlantılar"
"Links with associated products will retain only after saving current product.","Bu ürüne bağlı ürünlerin linkleri bu ürün kaydedildikten sonra sabitleşecektir."
"List (default) / Grid","Liste (varsayılan) / Izgara"
"List Only","Sadece Liste"
"Load Template","Tema Yükle"
"Load default template","Varsayılan Temayı Yükle"
"Loading...","Yükleniyor..."
"Local Server","Yerel Sunucu"
"Local/Remote Server","Yerel/Uzak Sunucu"
"Locale","Yerel"
"Log In","Giriş Yap"
"Log Out","Çıkış"
"Log in to Admin Panel","Yönetici Paneline Giriş"
"Log in to use <strong>%s</strong>","<strong>%s</strong> kullanmak için giriş yapınız"
"Log into Magento Admin Page","Magento Yönetici Paneline Gir"
"Logged in as %s","%s olarak giriş yapıldı"
"Login","Giriş"
"Low Stock","Düşük Stok"
"MAJOR","BÜYÜK"
"MINOR","KÜÇÜK"
"MS Excel XML","MS Excel XML"
"Magento Admin","Magento Yönetim"
"Magento Commerce - Administrative Panel","Magento Commerce - Yönetim Paneli"
"Magento Connect","Magento Connect Sistemi"
"Magento Connect Manager","Magento Connect Yöneticisi"
"Magento Logo","Magento Logosu"
"Magento is a trademark of Magento Inc. Copyright &copy; %s Magento Inc.","Magento, Magento Inc. firmasının tescilli markasıdır. Tüm hakları saklıdır &copy; %s Magento Inc."
"Magento root directory","Magento ana klasörü"
"Magento ver. %s","Magento vers. %s"
"Magento&trade; is a trademark of Magento Inc.<br/>Copyright &copy; %s Magento Inc.","Magento, Magento Inc. firmasının tescilli markasıdır. Tüm hakları saklıdır &copy; %s Magento Inc."
"Make sure that data encoding in the file is consistent and saved in one of supported encodings (UTF-8 or ANSI).","Dosyanın encoding tipinin doğru ayarlandığından ve kabul edilen tiplerden biri (UTF-8 veya ANSI) olduğundan emin olunuz."
"Manage Attribute Sets","Özellik Setlerini Yönet"
"Manage Attributes","Özellikleri Yönet"
"Manage Categories","Kategorileri Yönet"
"Manage Content","İçeriği Yönet"
"Manage Currency Rates","Döviz Kur Bilgilerini Yönet"
"Manage Currency Symbols","Manage Currency Symbols"
"Manage Customers","Müşterileri Yönet"
"Manage Options (values of your attribute)","Manage Options (values of your attribute)"
"Manage Ratings","Puanlamaları Yönet"
"Manage Stores","Mağazaları Yönet"
"Manage Tax Rules","Vergi Kurallarını Yönet"
"Manage Tax Zones and Rates","Vergi Bölgelerini ve Oranlarını Yönet"
"Manage Titles (Size, Color, etc.)","Manage Titles (Size, Color, etc.)"
"Manual","Elle"
"Matched Expression","Eşleşen İfade"
"Maximum sender name length is 255. Please correct your settings.","Maximum sender name length is 255. Please correct your settings."
"Mb","Mb"
"Media (.avi, .flv, .swf)","Medya Dosyaları (.avi, .flv, .swf)"
"Media storages synchronization has completed!","Medya depolama senkronlama işlemi tamamlandı!"
"Messages Inbox","Mesaj Gelen Kutusu"
"Month","Ay"
"Most Viewed","En Çok Görülen"
"Most Viewed Products","En Çok Görülen Ürün"
"Multiple Select","Çoklu Seçme"
"My Account","Hesabım"
"My Applications","Uygulamalarım"
"N/A","Yok"
"NOTICE","NOT"
"Name","Adı"
"Name on Card","Name on Card"
"Name on the Card: %s","Name on the Card: %s"
"Name:","Adı:"
"Never (production)","Asla (site gerçek yayındayken)"
"New ","Yeni "
"New API Key","Yeni API Anahtarı"
"New Accounts","Yeni Hesaplar"
"New Attribute","Yeni Özellik"
"New Block","Yeni Blok"
"New Category","Yeni Kategori"
"New Class","Yeni Sınıf"
"New Condition","Yeni Durum"
"New Custom Variable","Yeni Özel Değişken"
"New Customer","Yeni Müşteri"
"New Customers","Yeni Müşteriler"
"New Design Change","Yeni Tasarım Değişimi"
"New Email Template","Yeni E-Mail Teması"
"New Group","Yeni Grup"
"New Invoice","Yeni Fatura"
"New Item Type","Yeni Ürün Tipi"
"New Memo","Yeni Müşteri Alacak Kaydı"
"New Memo for #%s","#%s için Müşteri Alacak Kaydı Ekle"
"New Page","Yeni Sayfa"
"New Password","Yeni Şifre"
"New Poll","Yeni Anket"
"New Profile","Yeni Profil"
"New Rate","Yeni Oran"
"New Rating","Yeni Puan"
"New Review","Yeni Yorum"
"New Role","Yeni Rol"
"New Rule","Yeni Kural"
"New Search","Yeni Arama"
"New Set","Yeni Set"
"New Shipment","Yeni Teslimat"
"New Sitemap","Yeni Site Haritası"
"New Store View","Yeni Mağaza Görünümü"
"New System Template","Yeni Sistem Teması"
"New Tag","Yeni Etiket"
"New Template","Yeni Tema"
"New User","Yeni Kullanıcı"
"New Variable","Yeni Değişken"
"New Website","Yeni Web Sitesi"
"New attribute set mapping","New attribute set mapping"
"New password field cannot be empty.","Yeni şifre alanı boş bırakılamaz."
"Newsletter","Duyurular"
"Newsletter Problems","Duyuru Problemleri"
"Newsletter Queue","Duyuru Kuyruğu"
"Newsletter Subscribers","Duyuru Aboneleri"
"Newsletter Templates","Duyuru Şablonları"
"Next month (hold for menu)","Sonraki Ay (menü için basılı tutunuz)"
"Next year (hold for menu)","Sonraki Yıl (menü için basılı tutunuz)"
"No","Hayır"
"No (price without tax)","Hayır (vergi hariç fiyat)"
"No Data","No Data"
"No Data Found","Veri Bulunamadı"
"No Templates Found","Tema Bulunamadı"
"No change","Değişiklik Yok"
"No customer id defined.","Müşteri no ayarlanmadı."
"No information available.","Bilgi yok."
"No profile loaded...","Profil yüklenmedi..."
"No records found for this period.","Belirtilen aralıkta kayıt bulunamadı."
"No records found.","Kayıt bulunamadı."
"No report code specified.","Rapor kodu belirtilmedi."
"No search keywords.","Aranan kelime yok."
"No search modules were registered","Hiç arama modülü kaydedilmedi"
"No wishlist item id defined.","Takip listesi numarası belirtilmedi."
"None","Yok"
"Note:","Not:"
"Notes","Notlar"
"Notifications","Magento Duyuruları"
"Number of Orders","Sipariş Sayısı"
"Number of Uses","Kullanım Sayısı"
"Number of Views","Gösterim Sayısı"
"Number of records:","Kayıt sayısı :"
"OAuth Consumers","OAuth Tüketicileri"
"OAuth authorization for admin","Yönetim için OAuth kimlik onayı"
"OAuth authorization simple for admin","Yönetim için basit OAuth kimlik onayı"
"OK","Tamam"
"Old rate:","Eski değer :"
"Once you log into your PayPal Advanced account, navigate to the Service Settings - Hosted Checkout Pages - Set Up menu and set the options described below","PayPal Advanced hesabınıza oturum açtıktan sonra Service Settings - Hosted checkout Pages - Set Up bölümüne gidin ve aşağıda açıklanan ayarları yapın "
"Once you log into your PayPal Payflow Link account, navigate to the Service Settings - Hosted Checkout Pages - Set Up menu and set the options described below","PayPal Payflow Link hesabınıza oturum açtıktan sonra Service Settings - Hosted checkout Pages - Set Up bölümüne gidin ve aşağıda açıklanan ayarları yapın "
"One or more media files failed to be synchronized during the media storages syncronization process. Refer to the log file for details.","Bir veya daha fazla medya dosyası senkronlanamadı. Sorunun detayları için log dosyasına bakınız."
"One or more of the Cache Types are invalidated:","Bir veya daha fazla önbellek tipi geçersiz :"
"Online Customers","Sitedeki Müşteriler"
"Only Once (version upgrade)","Sadece bir kez (versiyon güncelleme)"
"Only attributes with scope ""Global"", input type ""Dropdown"" and Use To Create Configurable Product ""Yes"" are available.","""Global"" havuzundaki özelliklerle beraber, ""Açılır Menü"" girişini ve Ayarlanabilir Ürün Eklemede Kullan özelliğine ""Evet"" cevabını veriniz."
"Only mapped fields","Sadece eşleşmiş alanlar"
"Optional","İsteğe bağlı"
"Options","Seçenekler"
"Options is required","Options is required"
"Order","Sipariş"
"Order #%s","Sipariş #%s"
"Order #%s (%s)","Sipariş #%s (%s)"
"Order Created Date","Sipariş Oluşturulma Tarihi"
"Order ID","Sipariş No"
"Order Totals","Sipariş Toplamları"
"Order Updated Date","Sipariş Güncellenme Tarihi"
"Order Updated Date report is real-time, does not need statistics refreshing.","Sipariş Güncellenme Tarihi raporu gerçek zamanlı bir rapordur ve güncelleme yapmanıza gerek yoktur."
"Orders","Siparişler"
"Original Magento attribute names in first row:","Orjinal Magento özellik adları ilk satırda :"
"Out of stock","Stokta yok"
"PDT (Payment Data Transfer) Only","Sadece PDT (Payment Data Transfer/Ödeme Veri Transferi)"
"Package Extensions","Paket Eklentileri"
"Pages","Sayfalar"
"Parent Product Thumbnail","Üst Ürün Küçük Resmi"
"Parent Transaction ID","Üst İşlem No"
"Passive mode","Pasif Mod"
"Password","Şifre"
"Password Confirmation","Şifre (Tekrar)"
"Password confirmation must be same as password.","Girilen iki şifre aynı olmalıdır."
"Password must be at least of %d characters.","Şifre en az %d karakter olmalıdır."
"Password must include both numeric and alphabetic characters.","Şifre hem harf hem rakam içermelidir."
"Password:","Şifre:"
"Path:","Dosya Yolu:"
"Payment method instance is not available.","Tahsilat yöntemi yapısı bulunamadı."
"Payment method is not available.","Tahsilat yöntemi kullanım dışı."
"Payment method must be specified.","Tahsilat yöntemi seçilmedi."
"Pending Reviews","Beklemedeki Yorumlar"
"Pending Tags","Bekleyen Etiketler"
"Per Item","Ürün Başı"
"Per Order","Sipariş Başı"
"Percent","Yüzde"
"Performed At","Uygulandı"
"Period","Periyod"
"Permanent (301)","Kalıcı (301)"
"Permissions","Yöneticiler / Yetkiler"
"Personal Information","Kişisel Bilgi"
"Phone:","Telefon :"
"Please Select","Lütfen Seçiniz"
"Please confirm site switching. All data that hasn\'t been saved will be lost.","Site geçişini onaylayınız. Kaydedilmeyen verileriniz kaybolacak."
"Please enter 6 or more characters.","Lütfen 6 veya daha fazla karakter giriniz."
"Please enter a number greater than 0 in this field.","Lütfen bu alana sıfırdan büyük bir değer giriniz."
"Please enter a valid $ amount. For example $100.00.","Lütfen geçerli bir toplam değeri giriniz. Örnek: $100.00."
"Please enter a valid URL. For example http://www.example.com or www.example.com","Lütfen geçerli bir adres giriniz. Örnek: http://www.siteniz.com veya www.siteniz.com"
"Please enter a valid URL. http:// is required","Lütfen geçerli bir adres giriniz. http:// gereklidir"
"Please enter a valid credit card number.","Lütfen geçerli bir kredi kartı numarası giriniz."
"Please enter a valid date.","Lütfen geçerli bir tarih giriniz."
"Please enter a valid email address. For example johndoe@domain.com.","Lütfen geçerli bir e-mail adresi giriniz. Örnek: isminiz@siteniz.com "
"Please enter a valid email.","Lütfen geçerli bir e-mail adresi giriniz."
"Please enter a valid number in this field.","Lütfen geçerli bir sayısal değer giriniz."
"Please enter a valid phone number. For example (123) 456-7890 or 123-456-7890.","Lütfen geçerli bir telefon numarası giriniz. Örnek (212) 456-7890 veya 212-456-7890."
"Please enter a valid social security number. For example 123-45-6789.","Lütfen geçerli bir sosyal güvenlik numarası giriniz. Örnek 123-45-6789."
"Please enter a valid value from list","Lütfen listeden geçerli bir değer giriniz"
"Please enter a valid value, ex: 10,20,30","Lütfen geçerli bir değer giriniz, ör: 10,20,30"
"Please enter a valid zip code.","Lütfen geçerli bir posta kodu giriniz."
"Please enter a valid zip code. For example 90602 or 90602-1234.","Lütfen geçerli bir posta kodu giriniz. Örnek 34100 veya 31300-1234."
"Please enter another credit card number to complete your purchase.","Lütfen siparişi tamamlamak için başka bir kredi kartı kullanınız."
"Please enter password","Lütfen şifre giriniz"
"Please enter password to confirm rollback.","Lütfen işlem geri almayı onaylamak için şifrenizi giriniz."
"Please enter valid password.","Lütfen geçerli bir şifre giriniz"
"Please make sure that all global admin search modules are installed and activated.","Lütfen bütün genel yönetici taraflı arama modüllerinin yüklü olduğundan emin olunuz."
"Please make sure that your changes were saved before running the profile.","Lütfen profil çalıştırılmadan önce değişikliklerin kaydedildiğinden emin olunuz."
"Please make sure your passwords match.","Lütfen girdiğiniz iki şifrenin aynı olmasına dikkat ediniz."
"Please select State/Province.","Lütfen Şehir seçiminizi yapınız."
"Please select a customer.","Lütfen bir müşteri seçiniz."
"Please select a store.","Lütfen bir mağaza seçiniz."
"Please select an option.","Lütfen bir seçenek seçiniz."
"Please select catalog searches.","Lütfen katalog aramalarını seçiniz."
"Please select customer(s).","Lütfen müşterileri seçiniz."
"Please select message(s).","Lütfen mesajları seçiniz."
"Please select one of the above options.","Lütfen aşağıdaki seçeneklerden birini seçiniz."
"Please select one of the options.","Lütfen seçeneklerden birini seçiniz."
"Please select review(s).","Lütfen yorumları seçiniz."
"Please select tag(s).","Lütfen etiketleri seçiniz."
"Please specify backup creation options","Yedek oluşturma seçeneklerini belirleyiniz"
"Please specify the admin custom URL.","Lütfen yönetim sayfası için özel adresinizi belirleyiniz."
"Please try to logout and sign in again.","Lütfen sistemden çıkış yapıp tekrar giriniz."
"Please type the letters from the image:","Lütfen resimdeki harfleri giriniz :"
"Please use in this field only ""a-z,0-9,_"".","Lütfen bu alanda sadece ""a-z,0-9,_"" aralığındaki karakterleri kullanınız ."
"Please use letters only (a-z) in this field.","Lütfen sadece a-z arası karakterleri kullanınız."
"Please use numbers only in this field. Please avoid spaces or other characters such as dots or commas.","Lütfen bu alanda sadece rakam kullanınız."
"Please use only letters (a-z or A-Z), numbers (0-9) or spaces in this field.","Bu alanda sadece harfler (a-z or A-Z), rakamlar (0-9) veya boşluk kullanınız."
"Please use only letters (a-z) or numbers (0-9) only in this field. No spaces or other characters are allowed.","Lütfen bu alanda sadece harfler (a-z) veya rakamlar (0-9) kullanınız. Boşluk ve noktalama işaretleri kullanmayınız."
"Please use only letters (a-z) or numbers (0-9) or spaces and # only in this field.","Lütfen bu alanda sadece harfler (a-z), rakamlar (0-9), boşluklar ve # karakteri kullanınız."
"Please use this date format: dd/mm/yyyy. For example 17/03/2006 for the 17th of March, 2006.","Lütfen tarihleri gg/aa/yyyy biçiminde giriniz. Örnek 17 Mart 2006 için 17/03/2006 giriniz."
"Please wait while the indexes are being refreshed.","Lütfen indeksler yenilenirken bekleyiniz."
"Please wait, loading...","Lütfen bekleyiniz, yükleniyor..."
"Please wait...","Lütfen bekleyiniz..."
"Please, add some answers to this poll first.","Lütfen, ankete en az 2 cevap ekleyiniz."
"Please, select ""Visible in Stores"" for this poll first.","Lütfen, bu anket için önce ""Mağazalarda Görünürlük"" özelliğinin değerini belirleyiniz."
"Poll Manager","Anket Yönetimi"
"Polls","Anketler"
"Popular","Popüler"
"Position","Position"
"Position of Watermark for %s","%s için Kopya Koruması yeri"
"Pregenerated product images files.","Önceden oluşturulmuş ürün resim dosyaları."
"Prev. month (hold for menu)","Önceki Ay (menü için basılı tutunuz)"
"Prev. year (hold for menu)","Önceki Yıl (menü için basılı tutunuz)"
"Preview","Önizleme"
"Preview Template","Tema Önizleme"
"Price","Fiyat"
"Price alert subscription was saved.","Ürün fiyat alarmı aboneliği yapıldı."
"Price:","Fiyat :"
"Processed <strong>%s%% %s/%d</strong> records","<strong>%s%% %s/%d</strong> kayıt işlendi"
"Product","Ürün"
"Product Name","Ürün Adı"
"Product Reviews","Ürün Yorumları"
"Product Tax Classes","Ürün Vergi Sınıfları"
"Product Thumbnail Itself","Ürün Küçük Resmi"
"Product is not loaded.","Ürün yüklenmedi."
"Product:","Ürün :"
"Products","Ürünler"
"Products Bestsellers Report","En Çok Satılan Ürünler Raporu"
"Products Most Viewed Report","En Çok Görülen Ürünler Raporu"
"Products Ordered","Satın Alınan Ürünler"
"Products in Carts","Sepetlerdeki Ürünler"
"Profile Action","Profil İşlemi"
"Profile Actions XML","Profil İşlemleri XML Dosyası"
"Profile Direction","Profil Yönü"
"Profile History","Profil Geçmişi"
"Profile Information","Profil Bilgisi"
"Profile Name","Profil Adı"
"Profile Payments","Profil Ödemeleri"
"Profile Schedule","Profil Zamanlama"
"Profile Wizard","Profil Sihirbazı"
"Profiles","Profiller"
"Promo","Promosyon"
"Promotions","Promosyonlar"
"Purchased Item","Satın Alınan Ürün"
"Put store on the maintenance mode while backup creation","Yedek alınırken siteyi bakım moduna al"
"Put store on the maintenance mode while rollback processing","Geri alma işlemi esnasında siteyi bakım moduna al"
"Quantity","Adet"
"Queue Refresh","Kuyruğu Güncelle"
"Queued... Cancel","Kuyruğa eklendi... İptal"
"REST Roles","REST Rolleri"
"Radio Buttons","Çoktan Seçmeli Butonlar"
"Rates","Döviz Kuru"
"Read details","Detayları göster"
"Rebuild","Yeniden Oluştur"
"Rebuild Catalog Index","Katalog İndeksini Yenile"
"Rebuild Flat Catalog Category","Kategori için Düz Katalogu Yeniden Oluştur"
"Rebuild Flat Catalog Product","Ürün için Düz Katalogu Yeniden Oluştur"
"Recent Orders","Geçmiş Siparişler"
"Recent statistics have been updated.","Son istatistikler güncellendi."
"Recurring Profile View","Periyodik Ödeme Profil Görünümü"
"Recursive Dir","Yinelemeli Klasör"
"Redirect","Yönlendirilmiş"
"Reference","Referans"
"Reference ID","Referans No"
"Refresh","Yenile"
"Refresh Now*","Şimdi Yenile*"
"Refresh Statistics","Referans İstatistikleri"
"Region/State","Şehir"
"Regular Price:","Normal Fiyat :"
"Reject","Reddet"
"Reject token authorization Pop Up for admin","Yönetim için kimlik onay penceresini reddet"
"Reject token authorization for admin","Yönetim için kimlik onayı"
"Rejection Of Authorization","Kimlik onayının Reddi"
"Release","Sürüm"
"Release Stability","Sürüm Stabilitesi"
"Release Version","Sürüm"
"Reload captcha","Resmi yeniden yükle"
"Remote FTP","Uzak FTP"
"Remove","Sil"
"Reports","Raporlar"
"Request Path","İstek Yolu"
"Required","Zorunlu"
"Reset","Temizle"
"Reset Filter","Filtreyi Temizle"
"Reset Password","Şifre Sıfırla"
"Reset a Password","Bir Şifre Sıfırla"
"Resize","Boyutlandır"
"Resource Access","Kaynak Erişimi"
"Resources","Kaynaklar"
"Results","Sonuçlar"
"Retrieve Password","Şifre Al"
"Return Html Version","Html Sürümüne Dön"
"Revenue","Gelir"
"Reviews","Yorumlar"
"Reviews and Ratings","Yorumlar ve Puanlar"
"Rewrite Rules","Adres Yeniden Yazım Kuralları"
"Role ID","Yetki Sınıfı No"
"Role Info","Yetki Sınıfı Bilgisi"
"Role Information","Yetki Sınıfı Bilgisi"
"Role Name","Yetki Sınıfı Adı"
"Role Resources","Yetkiler"
"Role Users","Yetki Sınıfı Kullanıcıları"
"Roles","Yetki Sınıfları"
"Roles Resources","Yetkiler"
"Root Category","Root Category"
"Rotate CCW","Saat yönü tersine döndür"
"Rotate CW","Saat yönünde döndür"
"Run","Çalıştır"
"Run Profile","Profil Çalıştır"
"Run Profile Inside This Window","Profili bu pencerede çalıştır"
"Run Profile in Popup","Profili Yeni Pencerede Çalıştır"
"Running... Kill","Çalışıyor... Sonlandır"
"SKU","Ürün Kodu"
"SKU:","Ürün Kodu:"
"SSL Error: Invalid or self-signed certificate","SSL Hatası: Hatalı veya yerel olarak imzalanmış sertifika"
"Sales","Satışlar"
"Sales Report","Satış Raporu"
"Samples","Örnekler"
"Save","Kaydet"
"Save & Generate","Kaydet & Üret"
"Save Account","Hesabı Kaydet"
"Save Cache Settings","Önbellek Ayarlarını Kaydet"
"Save Config","Ayarları Kaydet"
"Save Currency Rates","Döviz Kurlarını Kaydet"
"Save Profile","Profili Kaydet"
"Save Role","Yetki Sınıfı Kaydet"
"Save Template","Temayı Kaydet"
"Save User","Kullanıcıyı Kaydet"
"Save and Continue Edit","Kaydet ve Düzenlemeye Devam Et"
"Search","Ara"
"Search Index","Arama İndeksi"
"Search Term","Aranan"
"Search Terms","Aranan"
"Select","Seç"
"Select All","Hepsini Seç"
"Select Category","Kategori Seç"
"Select Date","Tarih Seç"
"Select Range","Aralık Seç"
"Select date","Tarih Seç"
"Selected allowed currency ""%s"" is not available in installed currencies.","""%s"" para birimi kurulu para birimleri arasında yok."
"Selected base currency is not available in installed currencies.","Ana para birimi olarak seçilen para birimi, kurulu para birimleri arasında yok."
"Selected default display currency is not available in allowed currencies.","Varsayılan gösterilecek para birimi olarak seçilen para birimi, izin verilen para birimleri arasında yok."
"Selected default display currency is not available in installed currencies.","Varsayılan gösterilecek para birimi olarak seçilen para birimi, kurulu para birimleri arasında yok."
"Self-assigned roles cannot be deleted.","Kendi kendine eşleştirilen roller silinemez."
"Sender","Gönderici"
"Separate Email","Ayrı E-Mail"
"Shipment #%s comment added","#%s için Kargo Notu eklendi"
"Shipment #%s created","#%s Kargo Oluşturuldu"
"Shipment Comments","Kargo Notları"
"Shipment History","Kargo Geçmişi"
"Shipments","Teslimatlar"
"Shipping","Kargo"
"Shipping Address","Kargo Adresi"
"Shipping Address: ","Teslimat Adresi : "
"Shipping Origin","Teslimat Merkezi"
"Shipping Price","Kargo Ücreti"
"Shipping address selection is not applicable","Teslimat adresi seçimi uygulanamaz"
"Shipping method must be specified.","Teslimat yöntemi seçilmelidir."
"Shipping method selection is not applicable","Teslimat yöntemi seçimi uygulanamaz"
"Shopping Cart","Sepet"
"Shopping Cart Price Rules","Sepet Fiyat Kuralları ( Kuponlar )"
"Shopping Cart from %s","%s Alışveriş Sepeti"
"Show By","Gösterim Kriteri"
"Show Report For:","Rapor Göster :"
"Show Reviews","Yorumları Göster"
"Sitemap Information","Site Haritası Bilgisi"
"Size for %s","%s Boyutu"
"Skip Category Selection","Kategori Seçimini Atla"
"Some items in this order have different invoice and shipment types. You can create shipment only after the invoice is created.","Bu siparişteki bazı ürünler farklı fatura ve teslimat bilgisine sahip. Teslimat bilgisini sadece faturadan sonra oluşturabilirsiniz."
"Some of the ordered items do not exist in the catalog anymore and will be removed if you try to edit the order.","Siparişteki bazı ürünler artık katalogda yok. Eğer siparişi düzenlemek isterseniz bu ürünler siparişten çıkarılacak."
"Sorry, this feature is coming soon...","Üzgünüz, bu özellik daha sonra aktif olacaktır..."
"Special Price:","Özel Fiyat:"
"Specific Countries","Seçili Ülkeler"
"Specified","Belirtilen"
"Specified profile does not exist.","Ulaşmaya çalıştığınız profil bulunamadı."
"Spreadsheet Name:","Çizelge Adı :"
"Start Date","Başlangıç Tarihi"
"Starting profile execution, please wait...","Profil başlatılıyor, lütfen bekleyiniz..."
"State/Province:","Şehir :"
"Static Blocks","Statik Bloklar"
"Status","Durum"
"Status:","Durum:"
"Stock Quantity:","Stoktaki Adet :"
"Stock notification was saved.","Stok uyarısı kaydedildi."
"Store","Mağaza"
"Store Email Addresses Section","Mağaza E-Mail Adresleri Bölümü"
"Store View","Mağaza Görünümü"
"Store:","Mağaza:"
"Stores","Mağazalar"
"Subject","Konu"
"Submit","Gönder"
"Subpackage cannot be conflicting.","Alt paket çakışamaz."
"Subtotal","Ara Toplam"
"Switch/Solo card issue number: %s","Switch/Solo card issue number: %s"
"Switch/Solo card start Date: %s/%s","Switch/Solo card start Date: %s/%s"
"Switch/Solo/Maestro Only","Sadece Switch/Solo/Maestro"
"Switch/Solo/Maestro(UK Domestic) Only","Switch/Solo/Maestro(UK Domestic) Only"
"Switch/Solo/Maestro(UK Domestic) card issue number: %s","Switch/Solo/Maestro(UK Domestic) card issue number: %s"
"Switch/Solo/Maestro(UK Domestic) card start Date: %s/%s","Switch/Solo/Maestro(UK Domestic) card start Date: %s/%s"
"Symbol","Sembol"
"Synchronization is required.","Eşitleme gerekiyor."
"Synchronization of media storages has been successfully completed.","Medya depolama alanının eşitlemesi tamamlandı."
"Synchronize","Eşitleme yap"
"Synchronizing %s to %s","Eşitleme %s > %s"
"Synchronizing...","Eşitleme yapılıyor..."
"System","Sistem"
"System Section","Sistem Bölümü"
"System busy","Sistem meşgul"
"Tags","Etiketler"
"Target Path","Hedef Klasör"
"Tax","Vergi"
"Tb","Tb"
"Template","Tema"
"Template Content","Tema İçeriği"
"Template Information","Tema Bilgisi"
"Template Name","Tema Adı"
"Template Styles","Tema Stilleri"
"Template Subject","Tema Konusu"
"Template Type","Tema Tipi"
"Temporary (302)","Geçici (302)"
"Terms and Conditions","Kullanım Koşulları"
"Text","Yazı"
"The Catalog Rewrites were refreshed.","Katalog Adres Yeniden Yazım bilgisi yenilendi."
"The CatalogInventory Stock Status has been rebuilt.","Katalog Envanteri Stok Durumu yenilendi."
"The Comment Text field cannot be empty.","Yorum alanı boş bırakılamaz."
"The Flat Catalog Product was rebuilt","Ürün için Düz Katalog verisi yenilendi."
"The JavaScript/CSS cache has been cleaned.","JavaScript/CSS önbelleği temizlendi."
"The JavaScript/CSS cache has been cleared.","JavaScript/CSS önbelleği temizlendi."
"The Layered Navigation indexing has been queued.","Katmanlı Gezinme indeksleme işlemi kuyruğa eklendi."
"The Layered Navigation indexing queue has been canceled.","Katmanlı Gezinme indeksleme işlemi kuyruktan çıkarıldı."
"The Layered Navigation indices were refreshed.","Katmanlı Gezinme indeksleri yenilendi."
"The Layered Navigation process has been queued to be killed.","Katmanlı Gezinme indeksleme iptal işlemi kuyruğa eklendi.."
"The Magento cache storage has been flushed.","Magento önbellek depolama alanı temizlendi."
"The URL Rewrite has been deleted.","Adres Yeniden Yazımı silindi."
"The URL Rewrite has been saved.","Adres Yeniden Yazımı kaydedildi."
"The account has been saved.","Hesap kaydedildi."
"The archive can be uncompressed with <a href=""%s"">%s</a> on Windows systems","Bu arşiv dosyası Windows İşletim Sisteminde <a href=""%s"">%s</a> ile açılır"
"The attribute set has been removed.","Özellik Seti silindi."
"The backup's creation process will take time.","Yedek oluşturma işlemi sitenizin büyüklüğüne göre biraz zaman alacaktır."
"The billing agreement has been canceled.","Ödeme sözleşmesi iptal edildi."
"The billing agreement has been deleted.","Ödeme sözleşmesi silindi."
"The cache storage has been flushed.","Önbellek depolama alanı temizlendi."
"The carrier needs to be specified.","Taşıyıcı seçmelisiniz."
"The catalog index has been rebuilt.","Katalog indeksi yenilendi."
"The catalog rewrites have been refreshed.","Katalog yeniden yazımı yenilendi."
"The configuration has been saved.","Ayar kaydedildi."
"The credit memo has been canceled.","Müşteri Alacak Kaydı iptal edildi."
"The credit memo has been created.","Müşteri Alacak Kaydı oluşturuldu."
"The credit memo has been voided.","Müşteri Alacak Kaydı iptal edildi."
"The custom variable has been deleted.","Özel Değişken silindi."
"The custom variable has been saved.","Özel Değişken kaydedildi."
"The customer has been deleted.","Müşteri silindi."
"The customer has been saved.","Müşteri kaydedildi."
"The design change has been deleted.","Tasarım değişimi silindi."
"The design change has been saved.","Tasarım değişimi kaydedildi."
"The email address is empty.","E-mail adresi boş."
"The email template has been deleted.","E-Mail şablonu silindi."
"The email template has been saved.","E-Mail şablonu kaydedildi."
"The flat catalog category has been rebuilt.","Kategori için Düz Katalog verisi yenilendi."
"The group node name must be specified with field node name.","Grup düğüm adı, Alan düğüm adı ile belirtilmelidir."
"The image cache was cleaned.","Resim silindi."
"The image cache was cleared.","Resim silindi."
"The invoice and shipment have been created.","Fatura ve Teslimat fişi oluşturuldu."
"The invoice and the shipment  have been created. The shipping label cannot be created at the moment.","Fatura ve teslimat fişi oluşturuldu. Teslimat etiketi oluşturulamadı."
"The invoice has been canceled.","Fatura iptal edildi."
"The invoice has been captured.","Fatura tahsil edildi."
"The invoice has been created.","Fatura oluşturuldu."
"The invoice has been voided.","Fatura iptal edildi."
"The invoice no longer exists.","Fatura bulunamadı."
"The item %s (SKU %s) does not exist in the catalog anymore.","%s (SKU %s) artık katalogda yok."
"The order does not allow creating an invoice.","Bu sipariş için fatura oluşturulamaz."
"The order no longer exists.","Sipariş bulunamadı."
"The poll has been deleted.","Anket silindi."
"The poll has been saved.","Anket kaydedildi."
"The profile has been deleted.","Profil silindi."
"The profile has been saved.","Profil kaydedildi."
"The profile has been updated.","Profil güncellendi."
"The profile has no changes.","Profilde değişme yok."
"The profile you are trying to save no longer exists","Kaydetmeye çalıştığınız profil veritabanında bulunamadı"
"The rating has been deleted.","Puan kaydedildi."
"The rating has been saved.","Puan kaydedildi."
"The role has been deleted.","Rol silindi."
"The role has been saved.","Rol kaydedildi."
"The role has been successfully saved.","Rol kaydedildi."
"The search index has been rebuilt.","Arama indeksi yenilendi."
"The shipment has been created.","Teslimat fişi oluşturuldu."
"The shipment has been sent.","Teslimat fişi gönderildi."
"The shipping label has been created.","Kargo fişi oluşturuldu."
"The tag has been deleted.","Etiket silindi."
"The tag has been saved.","Etiket kaydedildi."
"The transaction details have been updated.","İşlem detayları güncellendi."
"The user has been deleted.","Kullanıcı silindi."
"The user has been saved.","Kullanıcı kaydedildi."
"Themes JavaScript and CSS files combined to one file.","JavaScript ve CSS dosyaları tek dosyaya toplandı."
"There is an error in one of the option rows.","Seçenek satırlarından birinde hata oluştu."
"This Account is","Bu hesap "
"This Email template no longer exists.","E-Mail şablonu bulunamıyor."
"This Role no longer exists","Rol bulunamıyor"
"This Role no longer exists.","Rol bulunamıyor."
"This account is","Bu hesap "
"This account is inactive.","Bu hesap pasif."
"This action cannot be undone.","Bu işlem geri alınamaz."
"This attribute set does not have attributes which we can use for configurable product","Bu öznitelik takımında ayarlanabilir bir ürün için kullanılabilecek öznitelikler bulunmuyor"
"This attribute shares the same value in all the stores","Bu özellik bütün mağazalarda aynı değeri paylaşır"
"This is a demo store. Any orders placed through this store will not be honored or fulfilled.","Bu bir tanıtım mağazasıdır. Bu mağazaya verilen siparişler geçerli değildir ve herhangi bir işlem yapılmaz."
"This is a required field.","Bu alan doldurulması zorunlu bir alandır."
"This product is currently disabled.","Bu ürün pasif durumda."
"This report depends on timezone configuration. Once timezone is changed, the lifetime statistics need to be refreshed.","Bu rapor zaman dilimine bağlıdır. Zaman dilimi değişince bütün istatistiklerin yenilenmesi gerekmektedir."
"This section is not allowed.","Bu bölüme izin verilmiyor."
"This user no longer exists.","Kullanıcı bulunamıyor."
"Time","Saat"
"Time selection:","Saat Seçimi :"
"Time:","Saat :"
"Timeout limit for response from synchronize process was reached.","Eşitleme işleminden cevap almak için gereken zaman aşıldı."
"To","Bit."
"To cancel pending authorizations and release amounts that have already been processed during this payment, click Cancel.","Bekleyen onay isteklerini iptal etmek ve bu ödeme esnasında işlenen ücretleri serbest bırakmak için, İptal butonuna basınız."
"To use PayPal Payflow Link, you must configure your PayPal Payflow Link account on the PayPal website.","Kullanabilmek için PayPal websitesinden Paypal Payflow Link hesabınızı ayarlamalısınız."
"To use PayPal Payments Advanced, you must configure  your PayPal Payments Advanced account on the PayPal website.","Kullanabilmek için PayPal websitesinden Paypal Payments Advanced hesabınızı ayarlamalısınız."
"Toggle Editor","Editör Seçimi"
"Tools","Araçlar"
"Top 5 Search Terms","En Çok Aranan 5 Kelime"
"Total","Toplam"
"Total Invoiced","Toplam Faturalanmış Tutar"
"Total Order Amount","Toplam Sipariş Tutarı"
"Total Refunded","Toplam Geri Ödemeler"
"Total of %d record(s) have been deleted.","%d kayıt silindi."
"Total of %d record(s) have been updated.","%d kayıt güncellendi."
"Total of %d record(s) were canceled.","%d kayıt iptal edildi."
"Total of %d record(s) were deleted","Toplam %d kayıt silindi"
"Total of %d record(s) were deleted.","%d kayıt silindi."
"Total of %d record(s) were updated","Toplam %d kayıt güncellendi"
"Total of %d record(s) were updated.","Toplam %d kayıt güncellendi."
"Track Order","Siparişi İzle"
"Track this shipment","Kargoyu izle"
"Tracking number %s for %s assigned","İzleme numarası %s ( %s için ) eşleştirildi"
"Tracking number cannot be empty.","İzleme numarası boş bırakılamaz."
"Transaction Data","İşlem Verisi"
"Transaction Details","İşlem Detayları"
"Transaction ID","İşlem No"
"Transaction Type","İşlem Tipi"
"Transactional Emails","E-mail Şablonları"
"Transactions","İşlemler"
"Try Magento Go for Free","Magento Go'yu Ücretsiz Deneyin"
"Type","Tip"
"Type:","Tip:"
"URL Rewrite","Adres Yeniden Yazımı"
"URL Rewrite Information","Adres Yeniden Yazımı Bilgisi"
"URL Rewrite Management","Adres Yeniden Yazımı Yönetimi"
"Unable to cancel the credit memo.","Müşteri Alacak Kaydı iptal edilemiyor."
"Unable to find a Email Template to delete.","Silinecek E-Mail temasına ulaşılamıyor."
"Unable to find a poll to delete.","Silinecek ankete ulaşılamıyor."
"Unable to find a tag to delete.","Silinecek etikete ulaşılamıyor."
"Unable to find a user to delete.","Silinecek kullanıcı bilgisine ulaşılamıyor."
"Unable to initialize import model","Veri alma modeli başlatılamadı"
"Unable to refresh lifetime statistics.","Tüm istatistiklerin yenilenmesi işleminde sorun oluştu."
"Unable to refresh recent statistics.","Son istatistikler yenilenemedi."
"Unable to save Cron expression","Unable to save Cron expression"
"Unable to save the cron expression.","Zamanlanmış görev (Cron) ifadesi kaydedilemedi."
"Unable to save the invoice.","Fatura kaydedilemedi."
"Unable to send the invoice email.","Fatura maili gönderilemedi."
"Unable to send the shipment email.","Teslimat bilgisi maili gönderilemedi."
"Unable to update transaction details.","İşlem detayları güncellenemedi."
"Unable to void the credit memo.","Müşteri Alacak Kaydı iptal edilemiyor."
"Unknown","Bilinmeyen"
"Unlimited","Limitsiz"
"Update","Güncelle"
"Updated At","Güncellendi"
"Upload File","Dosya Yükle"
"Upload Files","Dosyaları Yükle"
"Upload HTTP Error","HTTP Dosya Yükleme Hatası"
"Upload I/O Error","Dosya Yüklemede G/Ç Hatası"
"Upload Security Error","Dosya Yükleme Güvenlik Hatası"
"Upload import file","Veri alınacak dosyayı yükle"
"Uploaded file is larger than %.2f kilobytes allowed by server","Yüklenen dosya sunucu tarafından izin verilen %.2f kilobayttan daha büyük"
"Use All Available Attributes","Tüm Kullanılabilir Özellikleri Kullan"
"Use Config Settings","Sabit ayarları kullan"
"Use Default","Varsayılanı Kullan"
"Use Default Value","Varsayılan değeri kullan"
"Use Default Variable Values","Varsayılan Değişken Değerlerini Kullan"
"Use FTP Connection","FTP bağlantısı kullan"
"Use Website","Web Sitesini Kullan"
"Used Currently For",".. için Kullanıldı"
"Used as Default For",".. için Varsayılan olarak kullanıldı"
"User Email","Kullanıcı E-Mail Adresi"
"User ID","Kullanıcı No"
"User Info","Kullanıcı Bilgisi"
"User Information","Kullanıcı Bilgisi"
"User Name","Kullanıcı Adı"
"User Name is required field.","Kullanıcı Adı alanını boş bırakmayınız."
"User Name:","Kullanıcı Adı:"
"User Password","Kullanıcı şifresi"
"User Role","Kullanıcı Yetki Sınıfı"
"User Roles","Kullanıcı Yetkileri"
"User Roles Information","Kullanıcı Yetki Bilgisi"
"User Type Resources","Kullanıcı Tipi Kaynakları"
"User name","Kullanıcı Adı"
"Users","Kullanıcılar"
"VAT Number is Invalid","Vergi Numarası Geçersiz"
"VAT Number is Valid","Vergi Numarası Geçerli"
"Validation Results","Doğrulama Sonuçları"
"Value","Değer"
"Value Delimiter:","Değer Ayırıcısı :"
"Variable","Değişken"
"Variable Code","Değişken Kodu"
"Variable HTML Value","Değişken HTML değeri"
"Variable ID","Değişken No"
"Variable Name","Değişken Adı"
"Variable Plain Value","Değişken Değeri"
"Verifier code: %s","Onaylayıcı kodu : %s"
"View Actions XML","İşlemler XML Dosyasını göster"
"View Full Size","Tam Boyutu Göster"
"View Memo","Notu Göster"
"View Memo for #%s","#%s için Notu Göster"
"View Shipment","Teslimat Fişini Göster"
"View Statistics For:","İstatistik Göster :"
"Visibility:","Görünürlük :"
"Warning","Dikkat"
"Warning! Empty value can cause problems with CSV format.","Dikkat! Boş değerler CSV formatında sorunlara neden olabilir."
"Warning!\r\nThis action will remove this user from already assigned role\r\nAre you sure?","Dikkat !\r\n Bu işlem bu kullanıcının sahip olduğu rolü silecektir\r\n Emin misiniz ?"
"Warning!\r\nThis action will remove those users from already assigned roles\r\nAre you sure?","Dikkat !\r\n Bu işlem bu kullanıcıların sahip olduğu rolleri silecektir\r\n Emin misiniz ?"
"Warning: Please do not close the window during importing/exporting data","Dikkat : Veri alınırken/verilirken bu pencereyi kapatmayınız"
"Watermark File for %s","%s için Kopya Koruması Dosyası"
"We appreciate our merchants\' feedback, please <a href=""#"" onclick=""surveyAction(\'yes\'); return false;"">take our survey</a> to provide insight on the features you would like included in Magento. <a href=""#"" onclick=""surveyAction(\'no\'); return false;"">Remove this notification</a>","Magento kullanan site sahiplerinin görüşleri bizim için önemlidir. Lütfen <a href=""#"" onclick=""surveyAction(\'yes\'); return false;"">buraya tıklayarak</a> anketimizi doldurunuz. Bu sayede Magentoyu daha kaliteli hale getirebiliriz. Anketi kapatmak için <a href=""#"" onclick=""surveyAction(\'no\'); return false;"">buraya tıklayınız</a>"
"We\'re in our typing table, coding away more features for Magento. Thank you for your patience.","Magento sürekli geliştiriliyor. Sabrınız için teşekkür ederiz."
"Web Section","Web Bölümü"
"Web Services","Web Hizmetleri"
"Web services","Web hizmetleri"
"Website","Web sitesi"
"What is this?","Bu nedir ?"
"Wishlist Report","Takip Listesi Raporu"
"Wishlist item is not loaded.","Takip listesi kaydı yüklenemedi."
"Wrong account specified.","Hatalı hesap seçimi yapıldı."
"Wrong billing agreement ID specified.","Hatalı Ödeme Sözleşmesi numarası belirtildi."
"Wrong column format.","Hatalı sütun biçimi."
"Wrong newsletter template.","Hatalı duyuru şablonu."
"Wrong quote item.","Hatalı sipariş satırı."
"Wrong tab configuration.","Hatalı sekme ayarı."
"Wrong tag was specified.","Yanlış etiket belirtildi."
"Wrong transaction ID specified.","Hatalı işlem numarası belirtildi."
"XML","XML"
"XML data is invalid.","XML verisi hatalı."
"XML object is not instance of ""Varien_Simplexml_Element"".","XML nesnesi ""Varien_Simplexml_Element"" in bir örneği olmalı."
"YTD","Son 2 Ay"
"Year","Yıl"
"Yes","Evet"
"Yes (301 Moved Permanently)","Evet (301 Kalıcı olarak Taşındı)"
"Yes (302 Found)","Evet (302 Bulundu)"
"Yes (only price with tax)","Evet (sadece vergi dahil fiyat)"
"You cannot delete your own account.","Kendi hesabınızı silemezsiniz."
"You have %s unread message(s).","%s okunmamış mesajınız var."
"You have %s unread message(s). <a href=""%s"">Go to messages inbox</a>.","%s adet okunmamış mesajınız var. <a href=""%s"">Mesaj kutusuna git</a>."
"You have %s, %s and %s unread messages. <a href=""%s"">Go to messages inbox</a>.","%s, %s ve %s okunmamış mesajınız var. <a href=""%s"">Mesaj kutusuna git</a>."
"You have logged out.","Çıkış yaptınız."
"You have not enough permissions to use this functionality.","Bu özelliğe erişmek için yetkiniz yok."
"You must have JavaScript enabled in your browser to utilize the functionality of this website.","Sitenin bütün özelliklerini kullanabilmek için Web Tarayıcı Yazılımınızın JavaScript destekli olması ve bu özelliğin açık olması gerekmektedir."
"You need to specify order items.","Sipariş satırlarını belirlemelisiniz."
"You will need to wait when the action ends.","İşlem bitene kadar beklemeniz gerekiyor."
"Your answers contain duplicates.","Cevaplarınızda çift kayıt var."
"Your password has been updated.","Şifreniz güncellendi."
"Your password reset link has expired.","Şifre sıfırlama bağlantısının kullanım süresi doldu."
"Your server PHP settings allow you to upload files not more than %s at a time. Please modify post_max_size (currently is %s) and upload_max_filesize (currently is %s) values in php.ini if you want to upload larger files.","
Sunucu ayarlarınız bir kerede %s adet dosya yüklemeye izin veriyor. Daha fazla sayıda ve daha büyük dosyalar yüklemek istiyorsanız, php.ini dosyasındaki post_max_size değerini (mevcut değer: %s) ve upload_max_filesize değerini (mevcut değer: %s) yükseltin."
"Your web server is configured incorrectly. As a result, configuration files with sensitive information are accessible from the outside. Please contact your hosting provider.","Web sunucunuz hatalı yapılandırılmış. Ayar Dosyaları ve diğer kritik dosyalara erişilebilir. Hizmet aldığınız Hosting firmasına bunu iletiniz."
"Zip/Postal Code","Zip/Posta Kodu"
"Zip/Postal Code:","Zip/Posta Kodu:"
"[ deleted ]","[ silindi ]"
"[GLOBAL]","[GENEL]"
"[STORE VIEW]","[MAĞAZA GÖRÜNÜMÜ]"
"[WEBSITE]","[WEB SİTESİ]"
"b","b"
"close","kapat"
"critical","kritik"
"example: ""sitemap/"" or ""/"" for base path (path must be writeable)","örnek: ""sitemap/"" veya ana dizin için ""/"" kullanınız (klasör web sunucusu tarafından yazılabilir olmalıdır)"
"example: sitemap.xml","örnek: sitemap.xml"
"failed","tamamlanamadı"
"from","başlangıç"
"major","büyük"
"minor","küçük"
"notice","not"
"store(%s) scope","mağaza(%s) havuzu"
"successful","tamamlandı"
"to"," -> "
"website(%s) scope","web sitesi (%s) havuzu"
"{{base_url}} is not recommended to use in a production environment to declare the Base Unsecure URL / Base Secure URL. It is highly recommended to change this value in your Magento <a href=""%s"">configuration</a>.","Satış yapan bir sitede Ana Adres ve Ana Güvenli Adres alanlarında {{base_url}} etiketini kullanmamanız tavsiye edilir."